id,symbol,date,open_price,high_price,low_price,close_price,volume,created_at
1,AIRLINK,2026-01-23,187.5,191.9,186.05,189.6,2737493,2026-01-22 19:38:03
2,FFC,2026-01-23,600.0,600.0,596.29,596.89,352598,2026-01-22 19:38:07
3,GLAXO,2026-01-23,435.0,435.0,422.0,432.48,34702,2026-01-22 19:38:11
4,HBL,2026-01-23,348.0,350.49,347.11,347.3,154941,2026-01-22 19:38:14
5,LUCK,2026-01-23,494.98,497.0,491.0,491.1,193203,2026-01-22 19:38:19
6,MARI,2026-01-23,739.0,739.0,732.0,733.0,323334,2026-01-22 19:38:23
7,MCB,2026-01-23,416.49,421.95,415.5,420.0,132373,2026-01-22 19:38:26
8,MTL,2026-01-23,534.48,535.89,529.99,529.99,76228,2026-01-22 19:38:30
9,NESTLE,2026-01-23,7990.0,8000.0,7988.0,7990.0,301,2026-01-22 19:38:33
10,OGDC,2026-01-23,332.55,335.0,330.27,330.5,815492,2026-01-22 19:38:37
11,PPL,2026-01-23,275.2,276.0,274.0,275.14,1078962,2026-01-22 19:38:41
12,PSO,2026-01-23,494.05,495.48,490.11,491.49,537413,2026-01-22 19:38:45
13,SAZEW,2026-01-23,1990.0,1998.0,1964.04,1965.0,88969,2026-01-22 19:38:48
14,UBL,2026-01-23,486.76,490.25,481.75,482.89,630963,2026-01-22 19:38:52
29,786,2026-01-23,12.97,12.97,12.0,12.37,7437,2026-01-22 19:52:46
30,786R,2026-01-23,2.64,2.77,2.25,2.47,198112,2026-01-22 19:52:50
31,AABS,2026-01-23,1020.0,1038.0,1020.0,1036.99,102,2026-01-22 19:52:53
32,AASM,2026-01-23,3.0,3.5,3.0,3.49,14500,2026-01-22 19:53:00
33,AATM,2026-01-23,40.51,44.56,40.51,44.56,25974,2026-01-22 19:53:03
34,ABL,2026-01-23,205.62,208.44,204.01,205.99,8405,2026-01-22 19:53:06
35,ABOT,2026-01-23,1198.5,1200.0,1195.0,1195.95,1970,2026-01-22 19:53:09
36,ACIETF,2026-01-23,20.0,20.0,19.85,19.85,17000,2026-01-22 19:53:16
37,ACPL,2026-01-23,277.0,288.0,275.0,285.05,125009,2026-01-22 19:53:19
38,ADAMS,2026-01-23,75.02,82.5,75.02,81.5,256,2026-01-22 19:53:21
39,ADMM,2026-01-23,62.8,62.8,60.36,60.82,7988,2026-01-22 19:53:23
40,AGHA,2026-01-23,8.8,8.83,8.75,8.77,571662,2026-01-22 19:53:27
41,AGIC,2026-01-23,39.0,39.5,38.96,39.0,15927,2026-01-22 19:53:31
42,AGICR2,2026-01-23,5.65,6.63,5.4,5.92,350180,2026-01-22 19:53:34
43,AGIL,2026-01-23,189.88,191.0,184.15,188.45,1621,2026-01-22 19:53:37
44,AGL,2026-01-23,70.01,70.87,70.0,70.7,92980,2026-01-22 19:53:39
45,AGLNCPS,2026-01-23,35.0,35.0,28.7,35.0,405,2026-01-22 19:53:43
46,AGP,2026-01-23,228.0,228.0,221.11,222.0,55942,2026-01-22 19:53:46
47,AGSML,2026-01-23,10.99,11.14,10.21,10.98,871808,2026-01-22 19:53:49
48,AGTL,2026-01-23,427.0,429.0,425.0,428.28,12121,2026-01-22 19:53:52
49,AHCL,2026-01-23,18.8,19.32,18.51,18.91,16553224,2026-01-22 19:53:56
50,AHL,2026-01-23,115.01,117.0,115.0,117.0,19933,2026-01-22 19:53:59
51,AHTM,2026-01-23,81.0,86.0,80.02,80.02,73,2026-01-22 19:54:02
52,AICL,2026-01-23,121.51,122.0,118.0,119.04,31283,2026-01-22 19:54:05
54,AKBL,2026-01-23,125.1,125.45,123.8,124.62,232464,2026-01-22 19:54:12
55,AKDHL,2026-01-23,175.48,175.49,175.48,175.49,75,2026-01-22 19:54:14
56,AKDSL,2026-01-23,40.72,40.72,40.2,40.42,21299,2026-01-22 19:54:18
57,AKGL,2026-01-23,60.24,64.0,60.24,60.24,20,2026-01-22 19:54:21
58,ALAC,2026-01-23,15.0,15.7,15.0,15.6,262513,2026-01-22 19:54:25
59,ALIFE,2026-01-23,39.0,39.0,35.04,38.97,8817,2026-01-22 19:54:28
60,ALNRS,2026-01-23,125.0,126.0,125.0,125.0,31,2026-01-22 19:54:31
61,ALTN,2026-01-23,11.27,11.27,11.1,11.13,54261,2026-01-22 19:54:34
62,AMBL,2026-01-23,11.18,11.89,11.18,11.88,998,2026-01-22 19:54:38
63,AMTEX,2026-01-23,4.7,4.96,4.67,4.8,1581003,2026-01-22 19:54:43
64,ANL,2026-01-23,12.1,12.1,11.9,12.03,75409,2026-01-22 19:54:46
65,ANSM,2026-01-23,14.89,14.89,14.89,14.89,1,2026-01-22 19:54:56
66,ANTM,2026-01-23,32.0,32.04,31.0,32.04,338,2026-01-22 19:54:59
67,APL,2026-01-23,603.0,633.0,598.02,621.0,201709,2026-01-22 19:55:02
68,ARCTM,2026-01-23,29.11,30.5,29.11,30.5,21,2026-01-22 19:55:08
69,ARPAK,2026-01-23,70.65,72.0,68.0,68.0,1823,2026-01-22 19:55:11
70,ARPL,2026-01-23,439.98,440.0,436.3,438.99,11610,2026-01-22 19:55:15
71,ARUJ,2026-01-23,11.76,11.99,11.3,11.74,4791,2026-01-22 19:55:18
72,ASC,2026-01-23,12.83,13.2,12.71,12.9,937972,2026-01-22 19:55:21
73,ASHT,2026-01-23,21.0,21.0,21.0,21.0,2500,2026-01-22 19:55:24
74,ASIC,2026-01-23,20.0,20.0,17.0,17.0,2,2026-01-22 19:55:26
75,ASL,2026-01-23,14.0,14.2,13.78,13.86,3078823,2026-01-22 19:55:29
76,ASLCPS,2026-01-23,90.0,90.0,83.01,83.01,2,2026-01-22 19:55:32
77,ASLPS,2026-01-23,16.23,19.82,16.22,18.0,1091,2026-01-22 19:55:34
78,ASTL,2026-01-23,23.45,23.5,22.03,22.36,2585482,2026-01-22 19:55:37
79,ASTM,2026-01-23,19.5,19.5,19.5,19.5,50,2026-01-22 19:55:41
80,ATBA,2026-01-23,239.06,241.59,239.02,240.94,1432,2026-01-22 19:55:44
81,ATIL,2026-01-23,82.5,82.5,80.09,82.0,13553,2026-01-22 19:55:47
82,ATLH,2026-01-23,1905.19,1926.0,1870.0,1897.0,1747,2026-01-22 19:55:49
83,ATRL,2026-01-23,893.05,949.0,876.0,909.0,1807476,2026-01-22 19:55:53
84,AVN,2026-01-23,42.9,42.9,42.5,42.58,179178,2026-01-22 19:55:57
85,AWTX,2026-01-23,1270.0,1550.52,1270.0,1409.56,11,2026-01-22 19:55:59
86,BAFL,2026-01-23,125.1,125.1,122.0,124.38,95471,2026-01-22 19:56:06
87,BAFS,2026-01-23,290.0,290.0,290.0,290.0,100,2026-01-22 19:56:09
88,BAHL,2026-01-23,198.0,200.5,197.5,197.5,120105,2026-01-22 19:56:12
89,BAPL,2026-01-23,42.6,42.99,42.55,42.79,3151,2026-01-22 19:56:17
90,BATA,2026-01-23,1275.0,1275.0,1244.01,1244.02,344,2026-01-22 19:56:20
91,BBFL,2026-01-23,49.44,49.44,48.82,49.05,69104,2026-01-22 19:56:23
92,BCL,2026-01-23,93.02,93.58,90.51,91.3,14953,2026-01-22 19:56:26
93,BECO,2026-01-23,6.14,6.19,6.1,6.12,997239,2026-01-22 19:56:29
94,BELA,2026-01-23,93.0,98.36,88.5,98.36,7276,2026-01-22 19:56:32
95,BERG,2026-01-23,103.0,106.49,103.0,105.69,162440,2026-01-22 19:56:35
96,BFAGRO,2026-01-23,43.35,43.35,42.52,42.6,44021,2026-01-22 19:56:38
97,BFBIO,2026-01-23,161.0,161.99,158.19,159.0,273530,2026-01-22 19:56:41
98,BFMOD,2026-01-23,27.67,27.67,26.53,26.9,23973,2026-01-22 19:56:44
99,BGL,2026-01-23,14.86,15.55,14.86,15.34,3533308,2026-01-22 19:56:49
100,BHAT,2026-01-23,927.38,960.0,910.0,950.0,254,2026-01-22 19:56:52
101,BIFO,2026-01-23,189.9,189.9,185.0,186.1,22031,2026-01-22 19:56:55
102,BIPL,2026-01-23,33.02,33.02,32.65,32.7,163921,2026-01-22 19:57:00
103,BLUEX,2026-01-23,73.5,73.73,68.09,71.0,142019,2026-01-22 19:57:04
104,BML,2026-01-23,5.24,5.26,5.15,5.2,8412812,2026-01-22 19:57:07
105,BNL,2026-01-23,11.65,11.65,11.46,11.5,649961,2026-01-22 19:57:11
106,BNWM,2026-01-23,67.88,67.88,67.88,67.88,45,2026-01-22 19:57:15
107,BOK,2026-01-23,37.5,38.63,37.49,37.56,889,2026-01-22 19:57:17
108,BOP,2026-01-23,41.0,42.0,40.71,41.4,9962735,2026-01-22 19:57:20
109,BPL,2026-01-23,30.72,30.75,30.72,30.75,1510,2026-01-22 19:57:23
110,BRRG,2026-01-23,41.94,41.94,40.81,40.86,22533,2026-01-22 19:57:26
111,BTL,2026-01-23,346.0,346.25,345.0,346.25,3055,2026-01-22 19:57:30
112,BUXL,2026-01-23,165.0,169.0,164.0,164.0,8116,2026-01-22 19:57:32
113,BWCL,2026-01-23,522.01,525.99,522.01,524.0,3054,2026-01-22 19:57:36
114,BWHL,2026-01-23,225.98,240.0,222.5,233.98,202139,2026-01-22 19:57:39
115,CASH,2026-01-23,64.97,64.97,61.5,61.5,1505,2026-01-22 19:57:43
116,CCM,2026-01-23,50.0,50.0,50.0,50.0,10,2026-01-22 19:57:46
117,CENI,2026-01-23,58.91,59.47,58.5,58.5,909,2026-01-22 19:57:48
118,CEPB,2026-01-23,44.5,45.29,44.22,44.5,569571,2026-01-22 19:57:52
119,CFL,2026-01-23,50.5,60.04,50.5,54.58,69,2026-01-22 19:57:55
120,CHAS,2026-01-23,62.99,62.99,60.55,60.55,551,2026-01-22 19:57:58
121,CHBL,2026-01-23,12.13,12.5,12.0,12.0,95061,2026-01-22 19:58:02
122,CHCC,2026-01-23,333.0,334.87,333.0,333.79,2679,2026-01-22 19:58:05
123,CJPL,2026-01-23,14.5,14.5,14.14,14.48,512,2026-01-22 19:58:08
124,CLCPS,2026-01-23,3.6,3.79,3.6,3.74,71534,2026-01-22 19:58:11
125,CLOV,2026-01-23,57.45,60.86,57.45,60.86,1039144,2026-01-22 19:58:14
126,CLVL,2026-01-23,17.1,17.89,15.7,16.89,34636,2026-01-22 19:58:18
127,CNERGY,2026-01-23,8.03,8.19,7.8,8.15,27412657,2026-01-22 19:58:21
128,COLG,2026-01-23,1273.79,1274.99,1265.0,1273.45,1035,2026-01-22 19:58:24
129,CPHL,2026-01-23,90.6,91.3,89.79,90.25,735812,2026-01-22 19:58:28
130,CPPL,2026-01-23,98.26,99.9,98.0,98.7,92863,2026-01-22 19:58:31
131,CRTM,2026-01-23,24.19,24.19,24.02,24.02,11527,2026-01-22 19:58:35
132,CSAP,2026-01-23,138.0,142.0,134.0,136.0,3862779,2026-01-22 19:58:38
133,CSIL,2026-01-23,7.27,7.3,6.95,6.98,2621455,2026-01-22 19:58:41
134,CSILR3,2026-01-23,2.75,3.65,2.75,3.15,27003076,2026-01-22 19:58:43
135,CTM,2026-01-23,7.8,8.15,7.8,7.82,141577,2026-01-22 19:58:46
136,CYAN,2026-01-23,47.7,47.95,47.2,47.2,2802,2026-01-22 19:58:50
137,DAAG,2026-01-23,89.0,89.0,86.6,86.6,1001,2026-01-22 19:58:53
138,DADX,2026-01-23,60.48,60.48,59.04,59.88,8453,2026-01-22 19:58:57
139,DBCI,2026-01-23,7.3,7.35,7.2,7.2,9156,2026-01-22 19:59:00
140,DCL,2026-01-23,13.29,13.42,12.89,12.95,1369360,2026-01-22 19:59:06
141,DCR,2026-01-23,38.15,38.19,37.9,37.99,125986,2026-01-22 19:59:09
142,DEL,2026-01-23,24.5,24.5,22.25,24.4,7651,2026-01-22 19:59:15
143,DFML,2026-01-23,27.74,27.82,25.71,25.88,3895168,2026-01-22 19:59:18
144,DFSM,2026-01-23,6.75,6.9,6.33,6.38,3687350,2026-01-22 19:59:21
145,DGKC,2026-01-23,237.0,237.16,234.1,235.83,979528,2026-01-22 19:59:24
146,DHPL,2026-01-23,33.75,33.75,33.0,33.29,137610,2026-01-22 19:59:29
147,DIIL,2026-01-23,77.3,77.3,77.0,77.0,101,2026-01-22 19:59:32
148,DINT,2026-01-23,66.08,68.98,62.05,63.02,1415,2026-01-22 19:59:35
149,DKTM,2026-01-23,1.01,1.01,0.81,0.81,2000,2026-01-22 19:59:38
150,DLL,2026-01-23,666.99,666.99,642.11,651.9,356,2026-01-22 19:59:41
151,DMC,2026-01-23,244.51,244.52,230.0,244.0,86,2026-01-22 19:59:44
152,DMTM,2026-01-23,8.32,9.24,8.32,9.14,4459,2026-01-22 19:59:48
153,DNCC,2026-01-23,21.55,21.98,21.2,21.4,28776,2026-01-22 19:59:52
154,DOL,2026-01-23,32.58,32.99,32.52,32.88,52472,2026-01-22 19:59:54
155,DSFL,2026-01-23,0.97,0.99,0.73,0.88,4434000,2026-01-22 19:59:57
156,DSIL,2026-01-23,10.6,10.78,10.5,10.6,165018,2026-01-22 20:00:01
157,DSL,2026-01-23,7.89,7.89,7.7,7.75,224075,2026-01-22 20:00:05
158,DWAE,2026-01-23,31.89,32.0,28.5,29.44,136324,2026-01-22 20:00:08
159,DWSM,2026-01-23,7.66,7.8,7.21,7.23,68837,2026-01-22 20:00:12
160,DWTM,2026-01-23,7.84,7.84,7.0,7.13,13641,2026-01-22 20:00:16
161,DYNO,2026-01-23,295.01,296.77,290.5,295.99,5622,2026-01-22 20:00:19
162,ECOP,2026-01-23,58.7,58.8,57.48,58.0,76188,2026-01-22 20:00:23
163,EFERT,2026-01-23,246.0,248.0,245.0,245.3,1335569,2026-01-22 20:00:27
164,EFUG,2026-01-23,128.0,128.0,127.01,128.0,5501,2026-01-22 20:00:29
165,EFUL,2026-01-23,176.57,178.49,175.26,178.0,1322,2026-01-22 20:00:33
166,ELCM,2026-01-23,213.99,216.99,213.99,216.99,2,2026-01-22 20:00:36
167,ELSM,2026-01-23,111.0,111.0,111.0,111.0,20,2026-01-22 20:00:40
168,EMCO,2026-01-23,58.05,62.0,58.05,60.5,42385,2026-01-22 20:00:42
169,ENGROH,2026-01-23,273.61,275.99,273.0,273.0,520531,2026-01-22 20:00:51
170,EPCL,2026-01-23,32.49,32.86,32.42,32.56,269045,2026-01-22 20:00:55
171,EPCLPS,2026-01-23,12.1,12.1,12.1,12.1,103228,2026-01-22 20:00:58
172,EPQL,2026-01-23,31.5,31.99,31.45,31.86,29757,2026-01-22 20:01:01
173,ESBL,2026-01-23,22.3,23.25,21.9,22.6,31308,2026-01-22 20:01:06
174,EWIC,2026-01-23,46.5,46.5,46.5,46.5,20,2026-01-22 20:01:09
175,EXIDE,2026-01-23,615.04,618.0,614.2,615.0,1250,2026-01-22 20:01:13
176,FABL,2026-01-23,99.79,99.79,98.0,98.39,279440,2026-01-22 20:01:16
177,FANM,2026-01-23,8.3,8.3,7.9,8.25,6001,2026-01-22 20:01:23
178,FASM,2026-01-23,300.75,300.75,300.0,300.0,705,2026-01-22 20:01:26
179,FATIMA,2026-01-23,176.89,177.74,175.35,175.6,268456,2026-01-22 20:01:30
180,FCCL,2026-01-23,59.38,59.6,58.91,59.1,3064070,2026-01-22 20:01:34
181,FCEL,2026-01-23,7.62,7.78,7.41,7.5,122702,2026-01-22 20:01:37
182,FCEPL,2026-01-23,87.74,88.3,87.11,87.5,171932,2026-01-22 20:01:40
183,FCIBL,2026-01-23,32.9,32.9,28.1,30.0,2352,2026-01-22 20:01:44
184,FCL,2026-01-23,25.71,25.81,25.52,25.52,341390,2026-01-22 20:01:47
185,FCSC,2026-01-23,6.86,6.95,6.8,6.85,182885,2026-01-22 20:01:54
186,FDPL,2026-01-23,6.16,6.25,6.1,6.1,92604,2026-01-22 20:01:57
187,FECM,2026-01-23,21.79,21.79,21.45,21.79,1549,2026-01-22 20:02:01
188,FECTC,2026-01-23,139.91,141.0,138.5,138.94,103233,2026-01-22 20:02:05
189,FEM,2026-01-23,11.48,11.48,11.0,11.28,7579,2026-01-22 20:02:09
190,FEROZ,2026-01-23,433.02,438.0,426.02,432.0,7711,2026-01-22 20:02:13
192,FFL,2026-01-23,23.31,23.31,22.72,22.84,4972854,2026-01-22 20:02:22
193,FFLM,2026-01-23,9.25,9.27,9.0,9.25,36012,2026-01-22 20:02:26
194,FHAM,2026-01-23,34.39,34.39,34.0,34.0,430,2026-01-22 20:02:29
195,FIBLM,2026-01-23,15.2,15.2,15.2,15.2,27958,2026-01-22 20:02:32
196,FIL,2026-01-23,186.0,186.0,156.1,174.0,7,2026-01-22 20:02:36
197,FIMM,2026-01-23,240.0,249.99,240.0,249.99,111,2026-01-22 20:02:43
198,FLYNG,2026-01-23,54.01,54.55,53.9,53.9,10341,2026-01-22 20:02:47
199,FML,2026-01-23,61.0,61.99,60.03,60.03,1444,2026-01-22 20:02:50
200,FNBM,2026-01-23,0.61,0.7,0.6,0.64,384000,2026-01-22 20:02:54
201,FNEL,2026-01-23,17.66,17.95,17.46,17.79,1662723,2026-01-22 20:02:58
202,FPJM,2026-01-23,8.94,9.08,8.76,8.84,29784,2026-01-22 20:03:00
203,FPRM,2026-01-23,12.41,13.0,12.41,12.99,11521,2026-01-22 20:03:03
204,FRCL,2026-01-23,80.0,80.0,75.31,75.31,664,2026-01-22 20:03:07
205,FRSM,2026-01-23,54.77,54.8,54.77,54.8,60,2026-01-22 20:03:10
206,FSWL,2026-01-23,107.0,107.0,106.99,106.99,121,2026-01-22 20:03:14
207,FTMM,2026-01-23,18.91,18.91,18.82,18.82,601,2026-01-22 20:03:20
208,FTSM,2026-01-23,38.0,38.0,33.54,34.25,53403,2026-01-22 20:03:24
209,FZCM,2026-01-23,259.7,259.7,246.0,246.1,1456,2026-01-22 20:03:27
210,GADT,2026-01-23,350.0,353.0,347.01,352.0,5162,2026-01-22 20:03:31
211,GAL,2026-01-23,540.69,540.69,536.52,536.52,40561,2026-01-22 20:03:34
212,GAMON,2026-01-23,21.4,21.89,21.12,21.15,9187,2026-01-22 20:03:37
213,GATI,2026-01-23,114.26,114.69,113.3,114.0,1502,2026-01-22 20:03:40
214,GATM,2026-01-23,31.88,33.25,31.74,32.9,1810665,2026-01-22 20:03:43
215,GCIL,2026-01-23,34.99,35.1,34.76,34.9,127508,2026-01-22 20:03:46
216,GCWL,2026-01-23,19.7,19.88,19.6,19.62,197890,2026-01-22 20:03:49
217,GEMBCEM,2026-01-23,10.7,10.72,10.7,10.72,1520,2026-01-22 20:03:52
218,GEMMEL,2026-01-23,27.51,27.51,27.51,27.51,2500,2026-01-22 20:03:54
219,GEMNETS,2026-01-23,31.51,33.99,31.51,33.0,2120,2026-01-22 20:03:58
220,GEMPACRA,2026-01-23,36.02,36.25,36.02,36.25,318,2026-01-22 20:04:01
221,GEMPAPL,2026-01-23,12.0,12.0,12.0,12.0,1500,2026-01-22 20:04:04
222,GEMSPNL,2026-01-23,60.11,60.11,60.02,60.02,3000,2026-01-22 20:04:07
223,GFIL,2026-01-23,22.7,23.95,21.05,22.5,28557,2026-01-22 20:04:10
224,GGGL,2026-01-23,10.91,11.17,10.71,11.14,920519,2026-01-22 20:04:13
225,GGL,2026-01-23,24.65,24.86,24.56,24.8,699602,2026-01-22 20:04:17
226,GHGL,2026-01-23,37.03,37.6,36.01,36.72,211170,2026-01-22 20:04:21
227,GHNI,2026-01-23,922.0,924.89,915.0,916.0,7194,2026-01-22 20:04:25
228,GIL,2026-01-23,1000.0,1000.0,1000.0,1000.0,0,2026-01-22 20:04:28
230,GLPL,2026-01-23,405.0,427.9,405.0,424.99,636,2026-01-22 20:04:38
231,GOC,2026-01-23,111.0,111.0,104.02,104.02,41,2026-01-22 20:04:41
232,GRR,2026-01-23,19.89,20.1,19.75,19.85,85132,2026-01-22 20:04:45
233,GRYL,2026-01-23,23.49,24.5,22.92,22.95,1476,2026-01-22 20:04:48
234,GSPM,2026-01-23,5.2,5.2,4.7,5.2,4,2026-01-22 20:04:50
235,GTYR,2026-01-23,41.7,41.7,40.85,40.88,531684,2026-01-22 20:04:53
236,GUSM,2026-01-23,8.55,8.55,8.21,8.21,599,2026-01-22 20:04:56
237,GVGL,2026-01-23,61.7,63.0,60.02,61.0,19239,2026-01-22 20:05:02
238,GWLC,2026-01-23,65.14,65.14,63.82,64.42,107277,2026-01-22 20:05:05
239,HABSM,2026-01-23,76.48,76.48,74.01,75.0,4859,2026-01-22 20:05:09
240,HADC,2026-01-23,16.2,16.98,16.0,16.51,499500,2026-01-22 20:05:13
241,HAEL,2026-01-23,22.0,22.33,22.0,22.33,425,2026-01-22 20:05:16
242,HAFL,2026-01-23,494.89,510.0,494.89,510.0,12,2026-01-22 20:05:18
243,HALEON,2026-01-23,973.0,973.0,950.0,960.0,3344,2026-01-22 20:05:25
244,HASCOL,2026-01-23,25.9,26.12,24.67,24.8,18826038,2026-01-22 20:05:29
246,HBLTETF,2026-01-23,110.9,110.9,110.9,110.9,20000,2026-01-22 20:05:37
247,HCAR,2026-01-23,261.64,265.5,260.0,265.0,222995,2026-01-22 20:05:41
248,HGFA,2026-01-23,18.3,18.8,18.3,18.3,20116,2026-01-22 20:05:45
249,HICL,2026-01-23,13.0,13.0,12.6,12.6,7089,2026-01-22 20:05:47
250,HIFA,2026-01-23,6.7,6.94,6.55,6.62,312371,2026-01-22 20:05:50
251,HINO,2026-01-23,478.0,485.0,476.0,478.39,2398,2026-01-22 20:05:52
252,HINOON,2026-01-23,1051.01,1055.0,1035.0,1040.0,14434,2026-01-22 20:05:56
253,HIRAT,2026-01-23,4.79,4.8,4.7,4.75,9550,2026-01-22 20:06:00
254,HMB,2026-01-23,117.14,117.14,116.0,116.25,67997,2026-01-22 20:06:08
255,HMIM,2026-01-23,8.0,8.94,8.0,8.75,3000,2026-01-22 20:06:10
256,HPL,2026-01-23,4325.1,4500.0,4325.1,4400.0,327,2026-01-22 20:06:13
257,HRPL,2026-01-23,25.0,25.0,24.0,24.0,10590,2026-01-22 20:06:17
258,HSPI,2026-01-23,7.99,8.99,7.99,8.99,99532,2026-01-22 20:06:20
259,HTL,2026-01-23,61.26,61.3,60.59,60.7,70790,2026-01-22 20:06:23
260,HUBC,2026-01-23,240.0,243.0,239.5,240.52,4437229,2026-01-22 20:06:27
261,HUMNL,2026-01-23,13.13,13.19,13.01,13.07,851421,2026-01-22 20:06:31
262,HUSI,2026-01-23,31.89,31.89,31.8,31.8,101,2026-01-22 20:06:35
263,HWQS,2026-01-23,22.8,23.5,22.8,23.02,2269,2026-01-22 20:06:39
264,IBFL,2026-01-23,260.0,260.0,260.0,260.0,5,2026-01-22 20:06:41
265,IBLHL,2026-01-23,61.75,62.0,60.61,61.0,101627,2026-01-22 20:06:45
266,ICCI,2026-01-23,12.55,12.99,12.55,12.99,4750,2026-01-22 20:06:47
267,ICIBL,2026-01-23,5.17,5.4,5.17,5.34,405222,2026-01-22 20:06:50
268,ICL,2026-01-23,163.0,165.0,162.0,163.8,20688,2026-01-22 20:06:54
269,IDRT,2026-01-23,30.25,30.25,29.6,29.6,1542,2026-01-22 20:06:57
270,IDSM,2026-01-23,26.8,26.8,26.7,26.7,1200,2026-01-22 20:07:01
271,IDYM,2026-01-23,167.46,167.46,160.05,165.49,26429,2026-01-22 20:07:04
272,IGIHL,2026-01-23,252.0,254.39,252.0,252.28,3451,2026-01-22 20:07:07
273,IGIL,2026-01-23,23.51,24.8,23.51,23.56,7720,2026-01-22 20:07:11
274,ILP,2026-01-23,83.04,83.97,82.9,83.0,86841,2026-01-22 20:07:15
275,IMAGE,2026-01-23,26.8,27.2,26.45,26.65,411415,2026-01-22 20:07:17
276,IML,2026-01-23,24.5,26.37,24.5,26.37,700,2026-01-22 20:07:20
277,IMS,2026-01-23,22.82,23.18,22.55,22.85,68830,2026-01-22 20:07:23
278,INDU,2026-01-23,2143.96,2143.96,2123.01,2138.0,4883,2026-01-22 20:07:27
279,INIL,2026-01-23,189.0,189.0,187.0,187.7,76723,2026-01-22 20:07:31
280,INKL,2026-01-23,98.67,98.67,94.9,94.9,50191,2026-01-22 20:07:33
281,IPAK,2026-01-23,30.0,30.2,29.75,29.85,254504,2026-01-22 20:07:38
282,IREIT,2026-01-23,9.36,9.52,9.35,9.41,254721,2026-01-22 20:07:42
283,ISIL,2026-01-23,1994.0,2020.4,1994.0,2020.4,21,2026-01-22 20:07:45
284,ISL,2026-01-23,111.0,111.0,108.87,109.5,239484,2026-01-22 20:07:49
285,ITTEFAQ,2026-01-23,10.17,10.39,10.17,10.21,58398,2026-01-22 20:07:55
286,JATM,2026-01-23,23.27,23.27,21.71,23.26,4253,2026-01-22 20:07:59
287,JDMT,2026-01-23,163.4,163.4,163.4,163.4,1,2026-01-22 20:08:02
288,JDWS,2026-01-23,939.99,939.99,882.22,891.0,448,2026-01-22 20:08:05
289,JGICL,2026-01-23,84.5,85.0,84.13,85.0,18473,2026-01-22 20:08:08
290,JKSM,2026-01-23,168.0,168.0,168.0,168.0,150,2026-01-22 20:08:11
291,JLICL,2026-01-23,225.0,225.0,214.0,216.05,25721,2026-01-22 20:08:17
292,JSBL,2026-01-23,17.98,18.0,17.76,18.0,93592,2026-01-22 20:08:21
293,JSCL,2026-01-23,27.5,27.5,27.33,27.5,23546,2026-01-22 20:08:23
294,JSCLPSA,2026-01-23,10.16,10.16,10.16,10.16,10000,2026-01-22 20:08:27
295,JSGBETF,2026-01-23,49.77,49.77,49.37,49.37,3500,2026-01-22 20:08:29
296,JSGCL,2026-01-23,180.0,180.0,165.0,179.99,423,2026-01-22 20:08:33
297,JSIL,2026-01-23,41.66,45.0,41.66,45.0,252,2026-01-22 20:08:36
298,JSMFETF,2026-01-23,13.02,13.09,12.95,13.0,229500,2026-01-22 20:08:40
299,JSML,2026-01-23,79.48,79.48,79.48,79.48,1,2026-01-22 20:08:43
300,JUBS,2026-01-23,25.5,25.5,24.05,24.49,306,2026-01-22 20:08:46
301,JVDC,2026-01-23,141.19,145.99,141.19,142.0,6517858,2026-01-22 20:08:50
302,JVDCPS,2026-01-23,35.26,35.26,35.26,35.26,13,2026-01-22 20:08:53
303,KAPCO,2026-01-23,35.14,35.2,34.7,34.75,479018,2026-01-22 20:09:00
304,KCL,2026-01-23,159.0,165.01,159.0,165.01,16,2026-01-22 20:09:03
305,KEL,2026-01-23,7.1,7.18,6.96,6.97,18662781,2026-01-22 20:09:09
306,KHTC,2026-01-23,366.09,375.0,366.09,375.0,2653,2026-01-22 20:09:13
307,KHYT,2026-01-23,1741.8,1741.8,1740.97,1740.97,3,2026-01-22 20:09:15
308,KML,2026-01-23,13.8,13.8,13.6,13.6,12130,2026-01-22 20:09:19
309,KOHC,2026-01-23,116.0,116.2,114.51,115.0,399491,2026-01-22 20:09:23
310,KOHE,2026-01-23,17.39,17.39,17.26,17.3,5646,2026-01-22 20:09:25
311,KOHP,2026-01-23,67.09,68.38,66.0,67.98,585243,2026-01-22 20:09:29
312,KOHTM,2026-01-23,58.0,58.48,57.0,58.0,7472,2026-01-22 20:09:33
313,KOIL,2026-01-23,67.23,67.23,61.3,67.23,656468,2026-01-22 20:09:36
314,KOSM,2026-01-23,6.76,6.76,6.68,6.68,551435,2026-01-22 20:09:39
315,KPUS,2026-01-23,183.95,183.95,162.05,168.0,907,2026-01-22 20:09:42
316,KSBP,2026-01-23,195.2,197.0,193.9,195.0,32856,2026-01-22 20:09:45
317,KSTM,2026-01-23,13.47,13.89,12.3,13.25,45690,2026-01-22 20:09:49
318,KTML,2026-01-23,65.0,65.3,64.67,65.3,31646,2026-01-22 20:09:52
319,LCI,2026-01-23,301.0,301.0,297.8,299.69,29532,2026-01-22 20:09:56
320,LEUL,2026-01-23,45.2,45.2,44.51,44.51,901,2026-01-22 20:09:59
321,LIVEN,2026-01-23,50.04,50.04,49.71,49.86,21955,2026-01-22 20:10:03
322,LOADS,2026-01-23,18.0,18.0,17.77,17.8,831728,2026-01-22 20:10:06
323,LOTCHEM,2026-01-23,33.64,33.65,32.85,32.93,2836597,2026-01-22 20:10:09
324,LPGL,2026-01-23,98.25,103.0,95.31,96.8,15957,2026-01-22 20:10:12
325,LPL,2026-01-23,24.0,24.24,23.8,23.9,119195,2026-01-22 20:10:16
326,LSECL,2026-01-23,5.7,5.9,5.6,5.66,644745,2026-01-22 20:10:19
327,LSEFSL,2026-01-23,25.42,25.42,23.65,25.35,669,2026-01-22 20:10:23
328,LSEVL,2026-01-23,6.99,7.07,6.9,7.05,88508,2026-01-22 20:10:25
329,LSEVLR,2026-01-23,2.02,2.02,1.53,1.82,4361652,2026-01-22 20:10:29
331,MACFL,2026-01-23,39.7,41.5,38.06,40.0,3004966,2026-01-22 20:10:37
332,MACTER,2026-01-23,338.0,338.0,335.0,336.0,5328,2026-01-22 20:10:41
335,MCBIM,2026-01-23,235.0,238.0,234.0,237.9,485,2026-01-22 20:10:51
336,MDTL,2026-01-23,7.85,7.85,7.5,7.6,1327050,2026-01-22 20:10:54
337,MEBL,2026-01-23,482.5,483.3,480.69,483.21,229548,2026-01-22 20:10:57
338,MEHT,2026-01-23,305.95,305.95,305.95,305.95,1,2026-01-22 20:11:00
339,MERIT,2026-01-23,12.7,12.96,12.6,12.8,233555,2026-01-22 20:11:04
340,MFFL,2026-01-23,193.11,195.98,193.11,195.87,395,2026-01-22 20:11:07
341,MFL,2026-01-23,73.98,74.0,72.2,73.9,17580,2026-01-22 20:11:10
342,MFTM,2026-01-23,3.51,3.51,3.4,3.49,22000,2026-01-22 20:11:14
343,MIIETF,2026-01-23,18.8,18.86,18.78,18.8,227500,2026-01-22 20:11:17
344,MIRKS,2026-01-23,38.15,38.75,38.15,38.15,5702,2026-01-22 20:11:20
345,MLCF,2026-01-23,122.4,122.4,120.8,121.19,1782312,2026-01-22 20:11:24
346,MQTM,2026-01-23,29.35,29.35,29.05,29.05,150,2026-01-22 20:11:30
347,MRNS,2026-01-23,79.5,79.98,77.45,79.4,31225,2026-01-22 20:11:35
348,MSCL,2026-01-23,14.59,14.59,14.07,14.3,9904,2026-01-22 20:11:38
349,MSOT,2026-01-23,63.97,63.97,56.55,61.5,1068,2026-01-22 20:11:42
350,MSOTPS,2026-01-23,11.26,11.26,11.26,11.26,0,2026-01-22 20:11:45
352,MUBT,2026-01-23,3.85,3.85,3.85,3.85,35000,2026-01-22 20:11:52
353,MUGHAL,2026-01-23,100.45,102.0,99.31,99.35,553246,2026-01-22 20:11:56
354,MUGHALC,2026-01-23,62.31,62.31,62.31,62.31,300,2026-01-22 20:11:59
355,MUREB,2026-01-23,1056.0,1056.0,1040.06,1049.96,427,2026-01-22 20:12:02
356,MWMP,2026-01-23,65.47,65.47,64.5,65.0,1194,2026-01-22 20:12:06
357,MZNPETF,2026-01-23,22.86,23.01,22.85,22.9,321500,2026-01-22 20:12:09
358,NAGC,2026-01-23,68.0,71.68,68.0,71.68,200,2026-01-22 20:12:17
359,NATF,2026-01-23,417.98,418.0,412.0,416.99,47570,2026-01-22 20:12:20
360,NATM,2026-01-23,80.0,80.0,80.0,80.0,500,2026-01-22 20:12:23
361,NBP,2026-01-23,275.44,276.5,274.0,274.18,1736265,2026-01-22 20:12:27
362,NBPGETF,2026-01-23,34.36,34.36,33.96,34.29,20500,2026-01-22 20:12:31
363,NCL,2026-01-23,57.15,57.98,56.02,57.2,452193,2026-01-22 20:12:35
364,NCML,2026-01-23,17.39,17.39,17.39,17.39,501,2026-01-22 20:12:39
365,NCPL,2026-01-23,66.0,66.68,64.05,64.65,2049982,2026-01-22 20:12:43
367,NETSOL,2026-01-23,130.49,130.49,128.12,128.8,90530,2026-01-22 20:12:50
368,NEXT,2026-01-23,13.75,13.75,12.95,12.95,828,2026-01-22 20:12:53
369,NICL,2026-01-23,221.95,222.0,221.0,221.52,1088,2026-01-22 20:12:57
370,NITGETF,2026-01-23,40.0,40.32,40.0,40.31,14000,2026-01-22 20:13:05
371,NML,2026-01-23,198.3,198.3,195.01,195.2,358484,2026-01-22 20:13:11
372,NONS,2026-01-23,112.39,112.8,108.0,109.99,974,2026-01-22 20:13:15
373,NPL,2026-01-23,85.74,86.2,84.01,84.68,1001454,2026-01-22 20:13:18
374,NRL,2026-01-23,444.99,474.0,440.15,471.0,4751997,2026-01-22 20:13:23
375,NRSL,2026-01-23,32.1,32.14,31.6,31.6,6987,2026-01-22 20:13:26
376,NSRM,2026-01-23,153.99,153.99,144.5,144.5,2,2026-01-22 20:13:30
377,OBOY,2026-01-23,15.8,15.96,14.8,15.29,5042666,2026-01-22 20:13:33
378,OCTOPUS,2026-01-23,41.75,42.01,41.51,41.55,94221,2026-01-22 20:13:37
380,OLPL,2026-01-23,48.5,48.5,47.75,47.8,1050,2026-01-22 20:13:44
381,OLPM,2026-01-23,22.26,22.85,22.26,22.8,4149,2026-01-22 20:13:49
382,OML,2026-01-23,34.97,35.0,34.9,34.92,7654,2026-01-22 20:13:52
383,ORM,2026-01-23,12.25,12.5,12.2,12.21,3592,2026-01-22 20:13:56
384,OTSU,2026-01-23,370.11,373.85,370.0,373.85,735,2026-01-22 20:13:59
385,PABC,2026-01-23,124.93,125.5,123.23,125.5,56637,2026-01-22 20:14:03
386,PACE,2026-01-23,16.19,16.19,15.63,15.69,5146921,2026-01-22 20:14:08
387,PAEL,2026-01-23,61.9,61.91,61.06,61.27,1180438,2026-01-22 20:14:11
388,PAKD,2026-01-23,161.0,163.0,143.52,156.65,5876,2026-01-22 20:14:16
389,PAKL,2026-01-23,51.0,51.0,48.52,48.53,1746,2026-01-22 20:14:19
390,PAKOXY,2026-01-23,327.0,327.0,322.32,327.0,182,2026-01-22 20:14:23
391,PAKQATAR,2026-01-23,23.7,24.05,23.33,23.4,874746,2026-01-22 20:14:27
392,PAKRI,2026-01-23,22.11,22.64,22.11,22.31,200006,2026-01-22 20:14:30
393,PAKT,2026-01-23,1642.0,1642.0,1620.0,1629.94,761,2026-01-22 20:14:34
394,PASL,2026-01-23,3.3,3.3,3.21,3.24,637361,2026-01-22 20:14:37
395,PASM,2026-01-23,6.35,6.35,6.35,6.35,78,2026-01-22 20:14:40
396,PCAL,2026-01-23,206.0,225.0,206.0,216.0,400335,2026-01-22 20:14:43
397,PECO,2026-01-23,569.57,580.0,541.0,549.86,278,2026-01-22 20:14:48
398,PGLC,2026-01-23,15.73,15.73,15.65,15.65,756,2026-01-22 20:14:51
399,PHDL,2026-01-23,48.8,51.5,48.29,50.0,592568,2026-01-22 20:14:56
400,PIAHCLA,2026-01-23,27.0,27.37,26.75,27.1,1403137,2026-01-22 20:15:00
401,PIAHCLB,2026-01-23,21013.0,21841.9,21013.0,21128.0,6,2026-01-22 20:15:03
402,PIBTL,2026-01-23,21.9,22.2,21.86,21.98,8725894,2026-01-22 20:15:07
403,PICT,2026-01-23,41.39,41.39,40.4,40.75,85526,2026-01-22 20:15:15
404,PIL,2026-01-23,5.4,5.79,5.38,5.57,86124,2026-01-22 20:15:18
405,PIM,2026-01-23,21.77,21.77,21.77,21.77,62,2026-01-22 20:15:22
406,PINL,2026-01-23,10.1,10.35,9.47,9.5,283872,2026-01-22 20:15:25
407,PIOC,2026-01-23,358.52,362.0,358.52,358.52,552760,2026-01-22 20:15:28
408,PKGI,2026-01-23,14.64,14.64,13.76,14.02,1464,2026-01-22 20:15:31
409,PKGP,2026-01-23,60.37,60.94,58.51,60.5,19003,2026-01-22 20:15:34
410,PKGS,2026-01-23,849.62,849.97,841.0,848.0,659,2026-01-22 20:15:37
411,PMRS,2026-01-23,317.42,317.42,303.02,303.02,6,2026-01-22 20:15:40
412,PNSC,2026-01-23,629.88,634.0,621.01,630.0,8862,2026-01-22 20:15:44
413,POL,2026-01-23,632.0,678.97,630.26,678.97,2359048,2026-01-22 20:15:48
414,POML,2026-01-23,175.0,178.0,175.0,178.0,1120,2026-01-22 20:15:51
415,POWER,2026-01-23,20.45,20.45,19.71,19.85,1146813,2026-01-22 20:15:55
416,POWERPS,2026-01-23,22.0,24.54,22.0,24.54,2504,2026-01-22 20:15:57
418,PPP,2026-01-23,145.99,145.99,142.02,143.0,933,2026-01-22 20:16:03
419,PPVC,2026-01-23,17.3,20.1,17.3,19.94,3359,2026-01-22 20:16:06
420,PREMA,2026-01-23,38.5,39.5,38.5,39.04,403963,2026-01-22 20:16:10
421,PRET,2026-01-23,474.98,474.98,440.01,440.01,134,2026-01-22 20:16:13
422,PRL,2026-01-23,38.29,39.45,37.9,39.04,16175476,2026-01-22 20:16:21
423,PRWM,2026-01-23,46.0,46.0,46.0,46.0,6,2026-01-22 20:16:24
424,PSEL,2026-01-23,1010.0,1040.0,1000.0,1000.11,728,2026-01-22 20:16:26
426,PSX,2026-01-23,52.8,53.25,52.3,52.45,645758,2026-01-22 20:16:33
427,PSYL,2026-01-23,81.4,81.4,81.4,81.4,78,2026-01-22 20:16:35
428,PTC,2026-01-23,65.02,65.37,64.0,64.25,1959934,2026-01-22 20:16:38
429,PTL,2026-01-23,62.0,62.75,61.5,61.85,8229,2026-01-22 20:16:41
430,QTECH,2026-01-23,46.9,47.8,46.3,46.5,397765,2026-01-22 20:16:47
431,QUET,2026-01-23,17.8,18.89,17.8,18.87,1059,2026-01-22 20:16:49
432,QUICE,2026-01-23,35.96,36.9,33.65,35.0,1812301,2026-01-22 20:16:52
433,RCML,2026-01-23,506.02,506.02,506.02,506.02,3,2026-01-22 20:16:54
434,REDCO,2026-01-23,33.22,33.22,29.9,29.9,84943,2026-01-22 20:16:58
435,REWM,2026-01-23,171.02,185.0,171.02,185.0,6,2026-01-22 20:17:03
436,RICL,2026-01-23,17.64,18.0,17.5,17.5,2700,2026-01-22 20:17:06
437,RMPL,2026-01-23,10000.0,10048.99,10000.0,10000.0,286,2026-01-22 20:17:09
438,RPL,2026-01-23,18.8,18.98,18.76,18.79,17110,2026-01-22 20:17:12
439,RUBY,2026-01-23,13.09,13.09,12.1,12.25,9038,2026-01-22 20:17:14
440,RUPL,2026-01-23,31.01,31.01,31.01,31.01,250,2026-01-22 20:17:16
441,SAIF,2026-01-23,46.9,46.9,44.5,44.5,11048,2026-01-22 20:17:20
442,SANE,2026-01-23,9.19,9.19,8.0,8.0,18747,2026-01-22 20:17:22
443,SANSM,2026-01-23,85.49,86.49,83.0,83.0,1301,2026-01-22 20:17:25
444,SAPT,2026-01-23,1359.94,1361.0,1359.94,1361.0,112,2026-01-22 20:17:28
445,SARC,2026-01-23,88.0,90.0,87.25,88.75,5786,2026-01-22 20:17:30
446,SASML,2026-01-23,235.35,240.25,235.35,240.25,124,2026-01-22 20:17:33
448,SBL,2026-01-23,15.25,15.4,14.01,15.2,343653,2026-01-22 20:17:39
449,SCBPL,2026-01-23,73.5,73.98,72.8,73.9,5987,2026-01-22 20:17:42
450,SCL,2026-01-23,556.45,564.0,556.45,563.64,38,2026-01-22 20:17:48
451,SEARL,2026-01-23,126.0,126.58,124.77,125.0,805846,2026-01-22 20:17:54
452,SEL,2026-01-23,31.88,31.88,30.43,31.47,6625,2026-01-22 20:17:56
453,SEPL,2026-01-23,195.0,199.99,195.0,195.6,7025,2026-01-22 20:17:59
454,SERT,2026-01-23,39.1,41.3,39.01,40.15,28276,2026-01-22 20:18:02
455,SFAT,2026-01-23,1.89,1.89,1.89,1.89,2500,2026-01-22 20:18:05
456,SFL,2026-01-23,1201.0,1223.0,1175.09,1219.51,94,2026-01-22 20:18:08
457,SGF,2026-01-23,120.85,131.27,119.52,131.27,6204948,2026-01-22 20:18:13
458,SGPL,2026-01-23,27.87,29.6,27.26,28.88,1453511,2026-01-22 20:18:15
459,SHCI,2026-01-23,6.47,6.49,6.45,6.49,8000,2026-01-22 20:18:17
460,SHCM,2026-01-23,56.99,56.99,56.99,56.99,1,2026-01-22 20:18:20
461,SHDT,2026-01-23,53.35,53.79,53.0,53.0,1966,2026-01-22 20:18:23
462,SHEZ,2026-01-23,280.99,280.99,268.02,272.0,453,2026-01-22 20:18:26
463,SHFA,2026-01-23,597.25,605.99,595.5,599.99,1613,2026-01-22 20:18:29
464,SHJS,2026-01-23,201.01,209.99,201.0,209.99,5,2026-01-22 20:18:33
465,SHNI,2026-01-23,10.28,10.3,10.28,10.3,5002,2026-01-22 20:18:36
466,SHSML,2026-01-23,424.5,424.5,410.11,420.0,10,2026-01-22 20:18:38
467,SIBL,2026-01-23,8.85,8.85,8.69,8.8,725,2026-01-22 20:18:42
468,SIEM,2026-01-23,1519.99,1519.99,1491.0,1508.0,53,2026-01-22 20:18:45
469,SINDM,2026-01-23,31.7,32.47,31.25,31.37,207112,2026-01-22 20:18:49
470,SITC,2026-01-23,884.98,900.0,872.0,882.98,6514,2026-01-22 20:18:51
471,SKRS,2026-01-23,28.56,29.29,27.11,28.99,66591,2026-01-22 20:18:54
472,SLCL,2026-01-23,1.14,1.14,1.0,1.0,37500,2026-01-22 20:18:57
473,SLGL,2026-01-23,21.3,21.3,21.0,21.06,419351,2026-01-22 20:19:06
474,SLL,2026-01-23,2.14,2.29,1.6,1.7,232928,2026-01-22 20:19:09
475,SLYT,2026-01-23,12.31,13.2,12.31,12.55,3091,2026-01-22 20:19:12
476,SMCPL,2026-01-23,52.4,53.41,52.19,52.19,9470,2026-01-22 20:19:17
477,SML,2026-01-23,150.05,154.69,146.01,150.0,2605,2026-01-22 20:19:19
478,SNAI,2026-01-23,38.0,38.49,37.0,37.06,4842,2026-01-22 20:19:23
479,SNBL,2026-01-23,27.2,27.42,27.0,27.19,342372,2026-01-22 20:19:26
480,SNGP,2026-01-23,119.7,119.95,118.51,118.66,250392,2026-01-22 20:19:29
481,SPCL,2026-01-23,0.87,0.95,0.8,0.95,143500,2026-01-22 20:19:32
482,SPEL,2026-01-23,58.0,58.35,57.26,57.45,209284,2026-01-22 20:19:36
483,SPL,2026-01-23,67.0,68.9,66.12,67.5,8350,2026-01-22 20:19:38
484,SPWL,2026-01-23,11.35,11.45,11.3,11.32,188694,2026-01-22 20:19:42
485,SRVI,2026-01-23,1752.0,1884.0,1752.0,1849.99,9883,2026-01-22 20:19:45
486,SSGC,2026-01-23,34.35,34.36,34.11,34.29,532667,2026-01-22 20:19:48
487,SSML,2026-01-23,30.5,32.79,30.5,32.79,227,2026-01-22 20:19:54
488,SSOM,2026-01-23,424.0,424.0,416.05,421.0,2604,2026-01-22 20:19:57
489,STCL,2026-01-23,15.7,16.0,15.7,15.75,9986,2026-01-22 20:20:00
490,STJT,2026-01-23,108.0,109.0,108.0,108.0,165,2026-01-22 20:20:02
491,STL,2026-01-23,1327.1,1327.1,1326.0,1327.0,47,2026-01-22 20:20:05
492,STML,2026-01-23,31.3,31.31,31.3,31.31,250,2026-01-22 20:20:08
493,STPL,2026-01-23,9.19,9.35,9.15,9.35,606486,2026-01-22 20:20:11
494,STYLERS,2026-01-23,46.65,46.65,46.65,46.65,1,2026-01-22 20:20:14
495,SUHJ,2026-01-23,99.99,99.99,97.19,97.19,234,2026-01-22 20:20:17
496,SURC,2026-01-23,121.01,121.99,120.7,121.98,530,2026-01-22 20:20:22
497,SUTM,2026-01-23,140.01,140.01,139.1,140.0,275,2026-01-22 20:20:25
498,SYM,2026-01-23,14.94,14.95,14.55,14.7,1066463,2026-01-22 20:20:30
499,SYS,2026-01-23,156.03,157.38,155.5,156.0,533855,2026-01-22 20:20:33
500,SZTM,2026-01-23,52.52,52.52,52.52,52.52,96,2026-01-22 20:20:37
501,TATM,2026-01-23,183.97,188.39,177.0,181.0,1202405,2026-01-22 20:20:42
502,TBL,2026-01-23,13.12,13.45,13.11,13.32,2157484,2026-01-22 20:20:45
503,TCORP,2026-01-23,19.3,19.35,18.5,18.98,120642,2026-01-22 20:20:47
504,TCORPCPS,2026-01-23,10.54,10.54,9.19,9.23,608,2026-01-22 20:20:49
505,TELE,2026-01-23,12.13,12.36,12.01,12.17,2804463,2026-01-22 20:20:52
506,TGL,2026-01-23,230.0,230.5,227.51,228.0,15915,2026-01-22 20:20:56
507,THALL,2026-01-23,641.0,664.9,641.0,664.9,47811,2026-01-22 20:21:00
508,THCCL,2026-01-23,75.0,75.15,72.08,72.25,1413412,2026-01-22 20:21:03
509,TICL,2026-01-23,709.98,719.98,699.0,699.0,454,2026-01-22 20:21:06
510,TOMCL,2026-01-23,52.8,52.8,52.01,52.3,298485,2026-01-22 20:21:09
511,TOWL,2026-01-23,168.0,170.0,165.1,170.0,7045,2026-01-22 20:21:12
512,TPL,2026-01-23,9.94,10.05,9.75,9.89,822658,2026-01-22 20:21:15
513,TPLI,2026-01-23,23.0,23.49,23.0,23.0,23351,2026-01-22 20:21:17
514,TPLL,2026-01-23,26.5,26.99,23.05,26.5,1238,2026-01-22 20:21:19
515,TPLP,2026-01-23,12.37,12.8,12.37,12.6,7978151,2026-01-22 20:21:23
516,TPLRF1,2026-01-23,11.5,11.65,11.25,11.47,9688,2026-01-22 20:21:25
517,TPLT,2026-01-23,13.5,14.0,13.46,13.75,552496,2026-01-22 20:21:28
518,TREET,2026-01-23,34.79,35.08,34.54,34.65,2215948,2026-01-22 20:21:31
519,TRG,2026-01-23,76.0,77.09,75.98,76.42,1982392,2026-01-22 20:21:34
520,TRIBL,2026-01-23,0.97,0.97,0.97,0.97,3000,2026-01-22 20:21:37
521,TRIPF,2026-01-23,161.19,161.19,152.0,152.5,65166,2026-01-22 20:21:39
522,TRSM,2026-01-23,18.1,18.1,17.45,17.89,161614,2026-01-22 20:21:43
523,TSBL,2026-01-23,3.71,3.76,3.62,3.65,1700248,2026-01-22 20:21:46
524,TSMF,2026-01-23,14.91,15.91,14.91,15.11,20500,2026-01-22 20:21:48
525,TSML,2026-01-23,212.0,212.0,212.0,212.0,101,2026-01-22 20:21:51
526,TSPL,2026-01-23,14.67,14.67,13.15,13.79,9122,2026-01-22 20:21:53
527,UBDL,2026-01-23,28.91,29.45,28.8,29.0,40907,2026-01-22 20:21:57
529,UBLPETF,2026-01-23,43.16,43.31,42.92,42.92,46500,2026-01-22 20:22:01
530,UCAPM,2026-01-23,6.89,6.89,6.67,6.7,113131,2026-01-22 20:22:04
531,UDLI,2026-01-23,19.1,19.79,19.1,19.27,15457,2026-01-22 20:22:07
532,UDPL,2026-01-23,135.0,135.0,133.5,133.5,3459,2026-01-22 20:22:10
533,UNIC,2026-01-23,14.55,14.71,14.51,14.51,40153,2026-01-22 20:22:13
534,UNITY,2026-01-23,20.9,20.99,20.75,20.85,692376,2026-01-22 20:22:16
535,UPFL,2026-01-23,27000.8,27997.5,27000.0,27503.0,121,2026-01-22 20:22:19
536,UVIC,2026-01-23,22.2,22.2,22.2,22.2,1,2026-01-22 20:22:25
537,WAFI,2026-01-23,242.5,248.6,239.39,247.0,59908,2026-01-22 20:22:28
538,WAHN,2026-01-23,345.0,349.99,343.0,349.99,548,2026-01-22 20:22:32
539,WASL,2026-01-23,6.7,6.79,6.65,6.7,143775,2026-01-22 20:22:35
540,WAVES,2026-01-23,15.12,16.17,15.07,15.95,14668863,2026-01-22 20:22:37
541,WAVESAPP,2026-01-23,10.23,10.73,10.21,10.56,3503177,2026-01-22 20:22:40
542,WTL,2026-01-23,1.79,1.81,1.78,1.79,4939125,2026-01-22 20:22:44
543,YOUW,2026-01-23,5.63,5.72,5.6,5.67,75415,2026-01-22 20:22:47
544,ZAHID,2026-01-23,60.99,61.7,60.0,60.7,680,2026-01-22 20:22:49
545,ZAL,2026-01-23,69.23,70.48,68.34,68.34,560074,2026-01-22 20:22:51
546,ZIL,2026-01-23,540.99,540.99,540.99,540.99,1,2026-01-22 20:22:56
547,ZTL,2026-01-23,14.95,14.95,14.95,14.95,25,2026-01-22 20:22:58
548,ZUMA,2026-01-23,100.8,103.9,97.0,98.0,399674,2026-01-22 20:23:02
1068,786,2026-01-31,11.59,11.59,11.26,11.43,17555,2026-01-30 20:19:50
1069,786R,2026-01-31,2.64,2.77,2.25,2.47,198112,2026-01-30 20:19:54
1070,AABS,2026-01-31,1000.0,1032.95,950.02,985.37,452,2026-01-30 20:19:56
1071,AASM,2026-01-31,3.0,3.5,3.0,3.49,14500,2026-01-30 20:20:03
1072,AATM,2026-01-31,41.99,42.5,39.0,42.0,6155,2026-01-30 20:20:06
1073,ABL,2026-01-31,199.39,204.0,197.0,200.0,37554,2026-01-30 20:20:11
1074,ABOT,2026-01-31,1159.0,1175.0,1139.98,1165.0,1556,2026-01-30 20:20:14
1075,ACIETF,2026-01-31,19.55,19.77,19.1,19.51,6000,2026-01-30 20:20:20
1076,ACPL,2026-01-31,290.5,301.07,284.0,289.24,874979,2026-01-30 20:20:23
1077,ADAMS,2026-01-31,77.0,82.74,77.0,80.09,945,2026-01-30 20:20:26
1078,ADMM,2026-01-31,59.76,61.96,59.0,60.81,73646,2026-01-30 20:20:29
1079,AGHA,2026-01-31,8.26,8.47,8.11,8.19,6702987,2026-01-30 20:20:32
1080,AGIC,2026-01-31,37.9,38.4,37.61,37.72,8631,2026-01-30 20:20:35
1081,AGICR2,2026-01-31,5.65,6.63,5.4,5.92,350180,2026-01-30 20:20:38
1082,AGIL,2026-01-31,177.0,180.0,171.3,174.0,12655,2026-01-30 20:20:41
1083,AGL,2026-01-31,74.5,74.98,69.84,70.84,722678,2026-01-30 20:20:44
1084,AGLNCPS,2026-01-31,31.56,31.56,31.56,31.56,1,2026-01-30 20:20:47
1085,AGP,2026-01-31,209.4,213.0,205.32,210.71,132100,2026-01-30 20:20:52
1086,AGSML,2026-01-31,10.47,10.47,9.9,10.06,564537,2026-01-30 20:20:56
1087,AGTL,2026-01-31,415.0,419.89,405.0,416.9,6089,2026-01-30 20:20:59
1088,AHCL,2026-01-31,18.2,18.46,18.01,18.11,6528918,2026-01-30 20:21:02
1089,AHL,2026-01-31,115.0,116.9,114.2,115.86,37498,2026-01-30 20:21:04
1090,AHTM,2026-01-31,82.0,85.0,82.0,85.0,7,2026-01-30 20:21:07
1091,AICL,2026-01-31,110.05,113.0,106.15,108.37,712635,2026-01-30 20:21:10
1092,AIRLINK,2026-01-31,182.0,188.99,181.5,183.46,1487832,2026-01-30 20:21:14
1093,AKBL,2026-01-31,119.9,120.0,114.54,116.49,4755068,2026-01-30 20:21:17
1094,AKDHL,2026-01-31,197.99,198.48,194.0,198.48,219,2026-01-30 20:21:21
1095,AKDSL,2026-01-31,47.59,49.0,46.8,47.83,778180,2026-01-30 20:21:25
1096,AKGL,2026-01-31,57.0,63.29,57.0,60.24,44,2026-01-30 20:21:27
1097,ALAC,2026-01-31,14.15,14.5,13.25,14.0,795886,2026-01-30 20:21:29
1098,ALIFE,2026-01-31,38.36,40.67,36.2,36.52,10635,2026-01-30 20:21:32
1099,ALNRS,2026-01-31,130.0,130.0,123.0,125.0,609,2026-01-30 20:21:35
1100,ALTN,2026-01-31,11.15,11.2,11.0,11.09,366988,2026-01-30 20:21:39
1101,AMBL,2026-01-31,17.92,17.92,17.89,17.92,8030,2026-01-30 20:21:42
1102,AMTEX,2026-01-31,4.43,4.59,4.43,4.47,317232,2026-01-30 20:21:47
1103,ANL,2026-01-31,11.87,12.5,11.52,11.75,676823,2026-01-30 20:21:50
1104,ANSM,2026-01-31,14.2,14.5,13.66,14.47,15051,2026-01-30 20:22:03
1105,ANTM,2026-01-31,28.54,30.5,28.54,30.45,480,2026-01-30 20:22:07
1106,APL,2026-01-31,600.0,614.01,598.22,602.0,65778,2026-01-30 20:22:09
1107,ARCTM,2026-01-31,30.39,33.2,29.0,31.56,1911,2026-01-30 20:22:15
1108,ARPAK,2026-01-31,60.0,60.0,59.1,59.1,502,2026-01-30 20:22:17
1109,ARPL,2026-01-31,442.0,452.99,440.0,440.14,37625,2026-01-30 20:22:20
1110,ARUJ,2026-01-31,11.8,11.99,11.1,11.38,8820,2026-01-30 20:22:23
1111,ASC,2026-01-31,12.26,12.78,12.12,12.6,1856915,2026-01-30 20:22:26
1112,ASHT,2026-01-31,20.6,21.9,19.04,20.5,10126,2026-01-30 20:22:30
1113,ASIC,2026-01-31,18.0,18.6,18.0,18.6,100,2026-01-30 20:22:34
1114,ASL,2026-01-31,13.32,14.0,13.32,13.66,1870244,2026-01-30 20:22:37
1115,ASLCPS,2026-01-31,88.02,88.02,87.92,87.92,98,2026-01-30 20:22:39
1116,ASLPS,2026-01-31,17.26,20.0,17.25,19.0,176,2026-01-30 20:22:43
1117,ASTL,2026-01-31,22.2,23.19,22.2,22.49,4505237,2026-01-30 20:22:45
1118,ASTM,2026-01-31,18.79,20.0,18.79,19.75,181,2026-01-30 20:22:48
1119,ATBA,2026-01-31,237.01,237.5,232.23,235.34,21988,2026-01-30 20:22:51
1120,ATIL,2026-01-31,78.42,79.98,78.11,78.84,8501,2026-01-30 20:22:54
1121,ATLH,2026-01-31,1841.0,1858.64,1802.0,1816.69,8692,2026-01-30 20:22:58
1122,ATRL,2026-01-31,855.0,887.89,845.0,863.56,1691609,2026-01-30 20:23:01
1123,AVN,2026-01-31,41.5,41.84,40.54,40.82,979926,2026-01-30 20:23:06
1124,AWTX,2026-01-31,1270.0,1550.52,1270.0,1409.56,11,2026-01-30 20:23:10
1125,BAFL,2026-01-31,125.7,128.0,124.99,127.34,1356094,2026-01-30 20:23:19
1126,BAFS,2026-01-31,284.0,284.0,283.0,283.05,164,2026-01-30 20:23:22
1127,BAHL,2026-01-31,197.49,197.49,194.04,195.49,513316,2026-01-30 20:23:27
1128,BAPL,2026-01-31,43.55,44.9,43.21,44.22,19972,2026-01-30 20:23:31
1129,BATA,2026-01-31,1255.0,1278.85,1215.0,1224.55,11693,2026-01-30 20:23:35
1130,BBFL,2026-01-31,48.35,48.99,48.05,48.36,578175,2026-01-30 20:23:40
1131,BCL,2026-01-31,88.05,89.91,88.05,89.62,17353,2026-01-30 20:23:43
1132,BECO,2026-01-31,5.97,5.98,5.82,5.86,3503681,2026-01-30 20:23:47
1133,BELA,2026-01-31,85.98,89.89,80.0,83.5,3544,2026-01-30 20:23:52
1134,BERG,2026-01-31,112.9,117.45,112.2,116.65,1019214,2026-01-30 20:23:57
1135,BFAGRO,2026-01-31,41.25,41.5,40.65,41.35,108023,2026-01-30 20:24:00
1136,BFBIO,2026-01-31,156.0,159.5,155.0,156.41,318298,2026-01-30 20:24:04
1137,BFMOD,2026-01-31,25.99,26.88,24.01,25.1,92819,2026-01-30 20:24:07
1138,BGL,2026-01-31,14.98,15.0,14.7,14.87,1030128,2026-01-30 20:24:10
1139,BHAT,2026-01-31,936.2,981.0,936.2,981.0,52,2026-01-30 20:24:13
1140,BIFO,2026-01-31,171.99,176.5,169.0,169.69,45995,2026-01-30 20:24:16
1141,BIPL,2026-01-31,32.29,32.69,31.72,31.79,609767,2026-01-30 20:24:22
1142,BLUEX,2026-01-31,66.97,66.97,64.5,65.02,16696,2026-01-30 20:24:26
1143,BML,2026-01-31,4.87,5.0,4.68,4.76,19382826,2026-01-30 20:24:30
1144,BNL,2026-01-31,10.54,10.66,10.5,10.52,2064102,2026-01-30 20:24:33
1145,BNWM,2026-01-31,60.15,69.05,60.15,65.01,26021,2026-01-30 20:24:36
1146,BOK,2026-01-31,34.26,39.5,34.25,37.42,20346,2026-01-30 20:24:38
1147,BOP,2026-01-31,40.0,40.7,38.53,38.88,28308030,2026-01-30 20:24:41
1148,BPL,2026-01-31,30.51,32.25,30.51,31.5,17556,2026-01-30 20:24:43
1149,BRRG,2026-01-31,40.42,42.4,40.42,40.54,2221,2026-01-30 20:24:46
1150,BTL,2026-01-31,557.66,557.66,557.66,557.66,2312,2026-01-30 20:24:48
1151,BUXL,2026-01-31,165.0,169.0,161.11,166.95,8308,2026-01-30 20:24:51
1152,BWCL,2026-01-31,516.0,521.48,515.0,516.9,53331,2026-01-30 20:24:54
1153,BWHL,2026-01-31,210.25,214.0,208.0,212.56,29929,2026-01-30 20:24:56
1154,CASH,2026-01-31,58.0,62.99,57.0,57.97,916,2026-01-30 20:24:59
1155,CCM,2026-01-31,45.5,47.49,44.5,46.0,17454,2026-01-30 20:25:02
1156,CENI,2026-01-31,57.0,59.99,57.0,59.49,1026,2026-01-30 20:25:04
1157,CEPB,2026-01-31,40.68,42.75,40.4,40.76,1263632,2026-01-30 20:25:07
1158,CFL,2026-01-31,54.58,60.04,54.58,54.58,162,2026-01-30 20:25:10
1159,CHAS,2026-01-31,72.5,72.59,68.0,68.88,182334,2026-01-30 20:25:13
1160,CHBL,2026-01-31,11.91,12.9,11.81,12.62,1916004,2026-01-30 20:25:15
1161,CHCC,2026-01-31,321.0,330.0,320.0,327.74,204134,2026-01-30 20:25:18
1162,CJPL,2026-01-31,14.69,15.75,14.25,14.79,10371,2026-01-30 20:25:21
1163,CLCPS,2026-01-31,3.82,4.88,3.82,4.71,4658384,2026-01-30 20:25:24
1164,CLOV,2026-01-31,72.9,74.9,68.91,70.68,1291116,2026-01-30 20:25:27
1165,CLVL,2026-01-31,16.38,16.89,14.7,14.98,32263,2026-01-30 20:25:30
1166,CNERGY,2026-01-31,7.65,7.78,7.58,7.6,11499983,2026-01-30 20:25:32
1167,COLG,2026-01-31,1256.93,1269.0,1250.0,1264.45,4082,2026-01-30 20:25:36
1168,CPHL,2026-01-31,85.26,87.86,84.8,85.87,1483143,2026-01-30 20:25:38
1169,CPPL,2026-01-31,95.22,96.0,93.01,93.99,34387,2026-01-30 20:25:41
1170,CRTM,2026-01-31,24.2,25.25,23.5,23.86,80723,2026-01-30 20:25:44
1171,CSAP,2026-01-31,135.5,138.35,134.01,135.13,625965,2026-01-30 20:25:47
1172,CSIL,2026-01-31,5.85,5.97,5.6,5.69,2512610,2026-01-30 20:25:49
1173,CSILR3,2026-01-31,2.15,2.15,1.82,1.86,2261828,2026-01-30 20:25:52
1174,CTM,2026-01-31,7.5,7.9,7.36,7.45,278784,2026-01-30 20:25:55
1175,CYAN,2026-01-31,45.52,46.44,44.8,45.0,27954,2026-01-30 20:25:58
1176,DAAG,2026-01-31,84.5,85.48,84.5,85.48,12,2026-01-30 20:26:00
1177,DADX,2026-01-31,57.03,58.6,57.03,57.1,4,2026-01-30 20:26:03
1178,DBCI,2026-01-31,7.27,7.45,7.0,7.13,29794,2026-01-30 20:26:05
1179,DCL,2026-01-31,12.44,12.89,12.04,12.12,2525022,2026-01-30 20:26:12
1180,DCR,2026-01-31,37.7,39.29,37.65,38.06,481856,2026-01-30 20:26:15
1181,DEL,2026-01-31,22.0,22.7,21.0,21.01,18359,2026-01-30 20:26:20
1182,DFML,2026-01-31,24.59,24.69,23.8,23.94,1310189,2026-01-30 20:26:23
1183,DFSM,2026-01-31,6.2,6.25,5.85,6.02,1000948,2026-01-30 20:26:26
1184,DGKC,2026-01-31,222.97,227.18,221.01,224.07,2473168,2026-01-30 20:26:29
1185,DHPL,2026-01-31,32.85,32.85,32.0,32.15,82513,2026-01-30 20:26:32
1186,DIIL,2026-01-31,75.15,75.15,73.5,73.5,138,2026-01-30 20:26:35
1187,DINT,2026-01-31,56.04,66.0,56.04,64.0,16,2026-01-30 20:26:37
1188,DKTM,2026-01-31,1.01,1.01,0.81,0.81,2000,2026-01-30 20:26:40
1189,DLL,2026-01-31,653.99,653.99,640.0,640.92,4477,2026-01-30 20:26:42
1190,DMC,2026-01-31,201.5,225.0,201.5,210.0,401,2026-01-30 20:26:45
1191,DMTM,2026-01-31,8.32,9.24,8.32,9.14,4459,2026-01-30 20:26:48
1192,DNCC,2026-01-31,19.85,20.7,19.12,19.68,134928,2026-01-30 20:26:51
1193,DOL,2026-01-31,32.11,32.2,31.8,32.01,125468,2026-01-30 20:26:53
1194,DSFL,2026-01-31,0.97,0.99,0.73,0.88,4434000,2026-01-30 20:26:56
1195,DSIL,2026-01-31,10.5,10.69,10.19,10.53,439676,2026-01-30 20:26:58
1196,DSL,2026-01-31,7.98,8.09,7.71,7.74,1203745,2026-01-30 20:27:01
1197,DWAE,2026-01-31,28.28,28.28,26.0,26.29,9593,2026-01-30 20:27:04
1198,DWSM,2026-01-31,7.02,7.6,7.02,7.24,114558,2026-01-30 20:27:07
1199,DWTM,2026-01-31,6.7,7.71,6.7,7.68,8552,2026-01-30 20:27:09
1200,DYNO,2026-01-31,287.0,292.0,282.1,292.0,2533,2026-01-30 20:27:12
1201,ECOP,2026-01-31,54.75,55.8,54.0,54.9,253543,2026-01-30 20:27:14
1202,EFERT,2026-01-31,239.5,244.9,239.5,244.31,1897613,2026-01-30 20:27:17
1203,EFUG,2026-01-31,128.5,132.97,124.05,124.06,18708,2026-01-30 20:27:19
1204,EFUL,2026-01-31,179.0,180.5,176.51,177.0,13117,2026-01-30 20:27:21
1205,ELCM,2026-01-31,213.9,213.9,209.9,211.07,3,2026-01-30 20:27:24
1206,ELSM,2026-01-31,108.6,116.71,108.6,116.71,100,2026-01-30 20:27:27
1207,EMCO,2026-01-31,60.0,60.25,57.0,57.45,180333,2026-01-30 20:27:30
1208,ENGROH,2026-01-31,257.89,268.0,255.8,261.86,3917968,2026-01-30 20:27:35
1209,EPCL,2026-01-31,31.47,31.9,31.31,31.5,1120346,2026-01-30 20:27:38
1210,EPCLPS,2026-01-31,11.99,12.49,10.75,11.95,2928,2026-01-30 20:27:40
1211,EPQL,2026-01-31,31.29,32.0,31.25,31.28,307565,2026-01-30 20:27:42
1212,ESBL,2026-01-31,27.0,29.45,26.8,28.83,633967,2026-01-30 20:27:45
1213,EWIC,2026-01-31,46.5,46.5,42.27,42.27,10,2026-01-30 20:27:47
1214,EXIDE,2026-01-31,570.0,589.36,560.0,568.32,21551,2026-01-30 20:27:49
1215,FABL,2026-01-31,97.2,98.0,96.1,96.7,1189446,2026-01-30 20:27:51
1216,FANM,2026-01-31,8.42,8.49,7.85,7.98,51479,2026-01-30 20:27:56
1217,FASM,2026-01-31,345.0,349.8,310.0,335.0,1503,2026-01-30 20:27:59
1218,FATIMA,2026-01-31,170.01,179.9,170.0,171.03,1251169,2026-01-30 20:28:02
1219,FCCL,2026-01-31,56.5,59.0,56.03,57.05,10522108,2026-01-30 20:28:05
1220,FCEL,2026-01-31,7.1,8.35,7.1,7.93,1281013,2026-01-30 20:28:08
1221,FCEPL,2026-01-31,86.38,86.59,85.14,85.74,1669928,2026-01-30 20:28:10
1222,FCIBL,2026-01-31,34.5,34.5,30.66,34.5,72,2026-01-30 20:28:12
1223,FCL,2026-01-31,25.8,26.26,25.25,25.57,4059874,2026-01-30 20:28:15
1224,FCSC,2026-01-31,6.45,6.51,6.1,6.14,1842808,2026-01-30 20:28:20
1225,FDPL,2026-01-31,5.73,5.99,5.71,5.73,298115,2026-01-30 20:28:23
1226,FECM,2026-01-31,20.7,21.51,20.52,21.51,1416,2026-01-30 20:28:26
1227,FECTC,2026-01-31,150.86,157.5,148.11,149.91,464227,2026-01-30 20:28:29
1228,FEM,2026-01-31,10.25,10.25,10.0,10.03,5760,2026-01-30 20:28:31
1229,FEROZ,2026-01-31,434.0,439.0,402.0,432.19,27797,2026-01-30 20:28:34
1230,FFC,2026-01-31,598.0,600.0,576.0,588.57,8150395,2026-01-30 20:28:37
1231,FFL,2026-01-31,21.1,21.68,20.85,20.92,11159274,2026-01-30 20:28:40
1232,FFLM,2026-01-31,9.0,9.55,8.55,8.86,97485,2026-01-30 20:28:43
1233,FHAM,2026-01-31,33.97,34.4,33.92,34.0,403060,2026-01-30 20:28:45
1234,FIBLM,2026-01-31,16.64,20.02,16.38,16.38,1888197,2026-01-30 20:28:48
1235,FIL,2026-01-31,182.0,182.0,182.0,182.0,8,2026-01-30 20:28:50
1236,FIMM,2026-01-31,241.0,241.0,238.01,238.01,70,2026-01-30 20:28:55
1237,FLYNG,2026-01-31,53.0,54.96,50.83,53.15,51421,2026-01-30 20:28:57
1238,FML,2026-01-31,58.35,61.0,57.06,60.13,35794,2026-01-30 20:29:00
1239,FNBM,2026-01-31,0.61,0.7,0.6,0.64,384000,2026-01-30 20:29:02
1240,FNEL,2026-01-31,18.0,18.39,17.44,17.78,16707071,2026-01-30 20:29:05
1241,FPJM,2026-01-31,7.77,8.69,7.77,8.09,30534,2026-01-30 20:29:07
1242,FPRM,2026-01-31,12.42,13.5,12.42,13.48,1507,2026-01-30 20:29:09
1243,FRCL,2026-01-31,74.48,75.5,74.48,75.5,22,2026-01-30 20:29:12
1244,FRSM,2026-01-31,52.99,55.45,51.5,52.07,10226,2026-01-30 20:29:15
1245,FSWL,2026-01-31,111.0,111.0,95.0,110.0,22,2026-01-30 20:29:17
1246,FTMM,2026-01-31,18.07,18.48,18.07,18.11,711,2026-01-30 20:29:22
1247,FTSM,2026-01-31,36.18,44.21,36.17,44.21,125495,2026-01-30 20:29:25
1248,FZCM,2026-01-31,227.0,239.89,227.0,233.58,41,2026-01-30 20:29:27
1249,GADT,2026-01-31,311.48,322.0,307.11,313.01,10480,2026-01-30 20:29:29
1250,GAL,2026-01-31,512.0,530.04,510.54,519.01,546715,2026-01-30 20:29:32
1251,GAMON,2026-01-31,21.0,21.32,20.01,21.3,12621,2026-01-30 20:29:34
1252,GATI,2026-01-31,109.98,110.0,102.02,108.86,148626,2026-01-30 20:29:37
1253,GATM,2026-01-31,28.92,31.5,28.71,30.06,2839653,2026-01-30 20:29:39
1254,GCIL,2026-01-31,33.28,34.49,33.03,33.77,2939698,2026-01-30 20:29:42
1255,GCWL,2026-01-31,21.86,22.2,20.5,20.72,5411652,2026-01-30 20:29:46
1256,GEMBCEM,2026-01-31,10.7,10.7,10.7,10.7,9100,2026-01-30 20:29:48
1257,GEMMEL,2026-01-31,27.25,27.25,27.01,27.01,4481,2026-01-30 20:29:50
1258,GEMNETS,2026-01-31,33.5,33.5,33.5,33.5,15,2026-01-30 20:29:53
1259,GEMPACRA,2026-01-31,40.0,40.7,37.0,39.82,61640,2026-01-30 20:29:55
1260,GEMPAPL,2026-01-31,12.0,12.0,12.0,12.0,500,2026-01-30 20:29:58
1261,GEMSPNL,2026-01-31,59.53,59.99,59.48,59.98,36263,2026-01-30 20:30:00
1262,GFIL,2026-01-31,22.18,22.75,21.0,22.21,74875,2026-01-30 20:30:03
1263,GGGL,2026-01-31,10.7,10.72,10.5,10.52,717848,2026-01-30 20:30:06
1264,GGL,2026-01-31,23.99,24.01,23.0,23.26,2271870,2026-01-30 20:30:08
1265,GHGL,2026-01-31,36.79,37.0,36.15,36.47,1266461,2026-01-30 20:30:11
1266,GHNI,2026-01-31,887.0,915.6,885.05,906.1,451543,2026-01-30 20:30:14
1267,GIL,2026-01-31,1000.0,1000.0,1000.0,1000.0,0,2026-01-30 20:30:16
1268,GLAXO,2026-01-31,419.0,428.4,416.0,419.79,246751,2026-01-30 20:30:19
1269,HBL,2026-01-31,341.47,347.5,337.6,343.9,1191441,2026-01-30 20:30:21
1270,UBL,2026-01-31,480.0,497.0,480.0,486.92,976792,2026-01-30 20:30:24
1271,GLPL,2026-01-31,599.24,599.24,581.0,599.24,108362,2026-01-30 20:30:24
1272,GOC,2026-01-31,100.0,107.06,100.0,100.75,1144,2026-01-30 20:30:27
1273,MCB,2026-01-31,415.0,416.5,404.0,407.28,392442,2026-01-30 20:30:27
1274,GRR,2026-01-31,19.62,19.89,19.6,19.64,72776,2026-01-30 20:30:29
1275,NBP,2026-01-31,269.89,272.0,267.14,268.43,6338253,2026-01-30 20:30:30
1276,GRYL,2026-01-31,23.89,23.89,21.16,22.5,11519,2026-01-30 20:30:32
1278,GSPM,2026-01-31,4.55,4.55,4.55,4.55,205,2026-01-30 20:30:34
1279,MEBL,2026-01-31,479.0,490.5,478.06,488.67,1532149,2026-01-30 20:30:35
1280,GTYR,2026-01-31,40.47,40.47,39.0,39.77,285910,2026-01-30 20:30:37
1282,GUSM,2026-01-31,7.75,7.99,7.75,7.99,1151,2026-01-30 20:30:39
1285,GVGL,2026-01-31,59.85,64.0,59.85,62.8,8299,2026-01-30 20:30:43
1286,GWLC,2026-01-31,60.3,61.79,60.0,60.39,257412,2026-01-30 20:30:45
1288,HABSM,2026-01-31,69.61,72.88,69.33,70.02,84702,2026-01-30 20:30:48
1289,OGDC,2026-01-31,325.0,329.5,318.6,323.93,6707829,2026-01-30 20:30:48
1290,HADC,2026-01-31,16.2,16.98,16.0,16.51,499500,2026-01-30 20:30:50
1291,PPL,2026-01-31,273.52,284.6,273.02,277.33,9288919,2026-01-30 20:30:51
1292,HAEL,2026-01-31,21.5,22.0,21.5,21.5,2350,2026-01-30 20:30:53
1293,POL,2026-01-31,650.0,661.0,640.0,644.61,981958,2026-01-30 20:30:54
1294,HAFL,2026-01-31,475.0,555.0,475.0,555.0,51,2026-01-30 20:30:55
1295,MARI,2026-01-31,693.01,725.0,693.01,710.07,2057441,2026-01-30 20:30:56
1296,PSO,2026-01-31,474.8,480.0,467.7,471.15,3027960,2026-01-30 20:30:59
1297,HALEON,2026-01-31,945.0,945.0,930.0,940.06,15379,2026-01-30 20:31:00
1299,HASCOL,2026-01-31,24.7,26.99,24.51,26.49,66471778,2026-01-30 20:31:03
1300,SNGP,2026-01-31,114.11,116.3,113.5,115.75,1823510,2026-01-30 20:31:05
1301,SSGC,2026-01-31,34.43,35.4,33.9,34.04,7095724,2026-01-30 20:31:08
1303,HBLTETF,2026-01-31,109.6,109.61,109.51,109.51,3900,2026-01-30 20:31:11
1305,HCAR,2026-01-31,238.9,239.95,231.0,231.99,263189,2026-01-30 20:31:14
1306,BYCO,2026-01-31,6.23,6.35,6.06,6.17,13936500,2026-01-30 20:31:14
1307,HGFA,2026-01-31,17.16,18.0,17.16,18.0,118700,2026-01-30 20:31:16
1308,ENGRO,2026-01-31,482.0,496.0,474.01,485.38,4496408,2026-01-30 20:31:18
1309,HICL,2026-01-31,13.5,13.5,12.55,13.0,33063,2026-01-30 20:31:18
1311,HIFA,2026-01-31,6.35,6.5,6.32,6.4,291065,2026-01-30 20:31:21
1312,FFBL,2026-01-31,80.51,90.44,80.51,88.94,7643349,2026-01-30 20:31:23
1313,HINO,2026-01-31,438.56,438.56,418.0,432.77,3238,2026-01-30 20:31:23
1314,HINOON,2026-01-31,1024.9,1034.9,985.0,1010.47,9327,2026-01-30 20:31:26
1316,HIRAT,2026-01-31,4.5,4.5,4.21,4.42,61874,2026-01-30 20:31:29
1318,LUCK,2026-01-31,467.9,488.98,465.0,482.13,2341535,2026-01-30 20:31:32
1319,HMB,2026-01-31,119.5,119.89,118.0,119.05,244765,2026-01-30 20:31:33
1321,HMIM,2026-01-31,8.0,8.94,8.0,8.75,3000,2026-01-30 20:31:35
1322,MLCF,2026-01-31,114.0,119.0,113.62,115.19,4509070,2026-01-30 20:31:36
1323,HPL,2026-01-31,4449.0,4482.0,4355.1,4435.34,674,2026-01-30 20:31:37
1325,HRPL,2026-01-31,23.25,24.0,23.25,23.95,24504,2026-01-30 20:31:39
1326,PIOC,2026-01-31,337.0,344.99,333.25,337.15,139536,2026-01-30 20:31:41
1327,HSPI,2026-01-31,7.99,8.99,7.99,8.99,99532,2026-01-30 20:31:42
1329,HTL,2026-01-31,58.11,60.25,58.11,59.08,317048,2026-01-30 20:31:44
1330,KOHC,2026-01-31,107.5,110.0,105.0,107.79,1056064,2026-01-30 20:31:46
1331,HUBC,2026-01-31,230.05,234.2,228.01,230.46,5751466,2026-01-30 20:31:47
1333,HUMNL,2026-01-31,12.43,12.58,12.26,12.36,4096067,2026-01-30 20:31:50
1335,HUSI,2026-01-31,29.06,32.75,29.06,30.34,2,2026-01-30 20:31:52
1337,HWQS,2026-01-31,21.0,23.09,21.0,21.5,39076,2026-01-30 20:31:54
1339,IBFL,2026-01-31,259.6,260.5,252.0,260.5,69,2026-01-30 20:31:57
1340,KAPCO,2026-01-31,34.99,35.75,34.5,34.95,2543814,2026-01-30 20:31:57
1341,IBLHL,2026-01-31,58.0,58.97,57.5,57.8,138986,2026-01-30 20:31:59
1342,PKGP,2026-01-31,57.57,59.18,57.0,57.6,12590,2026-01-30 20:31:59
1343,ICCI,2026-01-31,12.6,12.95,11.6,12.5,121106,2026-01-30 20:32:02
1344,NCPL,2026-01-31,77.56,84.1,76.98,83.06,22678063,2026-01-30 20:32:02
1346,ICIBL,2026-01-31,5.0,5.21,4.98,5.0,532929,2026-01-30 20:32:05
1347,KEL,2026-01-31,7.2,7.37,7.07,7.1,81415489,2026-01-30 20:32:10
1348,ICL,2026-01-31,160.22,163.9,160.0,162.41,73583,2026-01-30 20:32:11
1349,HMM,2026-01-31,5.79,5.8,5.79,5.8,9500,2026-01-30 20:32:12
1350,IDRT,2026-01-31,29.0,29.0,26.63,27.75,4659,2026-01-30 20:32:13
1351,KML,2026-01-31,12.39,12.69,12.17,12.48,119643,2026-01-30 20:32:15
1352,IDSM,2026-01-31,38.26,41.9,34.29,34.29,213763,2026-01-30 20:32:16
1353,SEARL,2026-01-31,118.8,122.7,118.1,120.17,3661571,2026-01-30 20:32:18
1354,IDYM,2026-01-31,164.95,164.95,157.0,158.52,31099,2026-01-30 20:32:18
1355,IGIHL,2026-01-31,254.98,254.98,245.01,249.72,22359,2026-01-30 20:32:20
1357,IGIL,2026-01-31,24.9,25.3,24.9,24.99,213,2026-01-30 20:32:23
1359,ILP,2026-01-31,79.0,86.0,78.25,83.32,2907728,2026-01-30 20:32:25
1361,IMAGE,2026-01-31,25.0,26.25,24.0,24.38,3119391,2026-01-30 20:32:28
1363,IML,2026-01-31,26.0,27.48,24.0,25.28,3401,2026-01-30 20:32:30
1365,IMS,2026-01-31,21.52,22.6,21.35,22.01,873009,2026-01-30 20:32:32
1366,GSKCH,2026-01-31,126.0,126.0,120.0,120.0,8500,2026-01-30 20:32:34
1367,INDU,2026-01-31,2094.0,2200.0,2070.0,2168.46,22373,2026-01-30 20:32:34
1368,INIL,2026-01-31,177.0,183.25,177.0,178.01,58995,2026-01-30 20:32:37
1369,INKL,2026-01-31,91.97,91.97,91.94,91.94,500,2026-01-30 20:32:41
1370,IPAK,2026-01-31,29.25,29.25,28.61,29.0,483414,2026-01-30 20:32:45
1371,IREIT,2026-01-31,9.19,9.33,9.13,9.15,304707,2026-01-30 20:32:48
1372,ISIL,2026-01-31,2000.0,2000.0,1960.01,1969.23,14,2026-01-30 20:32:50
1373,ISL,2026-01-31,105.0,108.99,103.0,106.46,688659,2026-01-30 20:32:53
1374,ITTEFAQ,2026-01-31,9.58,10.19,9.5,9.58,2273536,2026-01-30 20:32:58
1375,JATM,2026-01-31,21.7,21.7,21.02,21.02,510,2026-01-30 20:33:00
1376,JDMT,2026-01-31,151.0,160.0,151.0,159.97,507,2026-01-30 20:33:03
1377,JDWS,2026-01-31,901.01,920.01,877.1,904.8,793,2026-01-30 20:33:05
1378,JGICL,2026-01-31,85.83,86.25,84.0,85.01,73407,2026-01-30 20:33:07
1379,JKSM,2026-01-31,163.99,164.99,160.11,163.99,17,2026-01-30 20:33:09
1380,JLICL,2026-01-31,244.0,244.0,228.1,229.4,32568,2026-01-30 20:33:12
1381,JSBL,2026-01-31,17.79,17.8,17.0,17.27,163708,2026-01-30 20:33:14
1382,JSCL,2026-01-31,27.5,27.5,26.7,27.0,34339,2026-01-30 20:33:18
1383,JSCLPSA,2026-01-31,10.16,10.16,10.16,10.16,10000,2026-01-30 20:33:20
1385,JSGBETF,2026-01-31,48.98,49.83,48.44,48.84,32000,2026-01-30 20:33:22
1387,JSGCL,2026-01-31,182.0,182.0,170.0,179.0,225,2026-01-30 20:33:24
1389,JSIL,2026-01-31,39.0,44.99,39.0,42.0,137,2026-01-30 20:33:27
1391,JSMFETF,2026-01-31,12.94,12.94,12.59,12.71,396000,2026-01-30 20:33:29
1392,JSML,2026-01-31,78.75,78.75,72.0,73.84,21634,2026-01-30 20:33:31
1394,JUBS,2026-01-31,21.5,23.87,21.5,23.5,14632,2026-01-30 20:33:34
1396,JVDC,2026-01-31,148.5,162.49,148.5,160.16,6445789,2026-01-30 20:33:36
1398,JVDCPS,2026-01-31,47.19,47.19,47.19,47.19,2,2026-01-30 20:33:39
1402,KCL,2026-01-31,159.0,168.06,158.0,168.06,26,2026-01-30 20:33:46
1406,KHTC,2026-01-31,384.0,384.0,365.01,373.7,2384,2026-01-30 20:33:51
1408,KHYT,2026-01-31,1708.0,1718.0,1580.01,1685.0,32,2026-01-30 20:33:53
1414,KOHE,2026-01-31,17.35,17.35,17.02,17.12,100202,2026-01-30 20:34:00
1416,KOHP,2026-01-31,42.55,43.4,40.14,40.14,4667016,2026-01-30 20:34:03
1418,KOHTM,2026-01-31,57.99,57.99,56.0,56.0,8527,2026-01-30 20:34:05
1420,KOIL,2026-01-31,57.51,69.37,56.75,69.37,1828992,2026-01-30 20:34:08
1422,KOSM,2026-01-31,6.21,6.36,6.03,6.06,6523093,2026-01-30 20:34:10
1424,KPUS,2026-01-31,169.98,170.0,155.09,155.09,111,2026-01-30 20:34:12
1426,KSBP,2026-01-31,191.0,191.99,186.0,187.84,44322,2026-01-30 20:34:15
1427,KSTM,2026-01-31,11.11,11.8,11.11,11.11,508,2026-01-30 20:34:17
1430,KTML,2026-01-31,60.0,66.4,60.0,64.95,695860,2026-01-30 20:34:20
1432,LCI,2026-01-31,279.95,280.99,276.0,277.41,170780,2026-01-30 20:34:23
1433,LEUL,2026-01-31,45.0,46.49,42.1,43.5,4060,2026-01-30 20:34:25
1435,LIVEN,2026-01-31,46.49,46.49,44.71,45.1,72129,2026-01-30 20:34:28
1437,LOADS,2026-01-31,17.0,17.5,16.82,17.14,5019714,2026-01-30 20:34:30
1439,LOTCHEM,2026-01-31,31.1,32.04,30.4,30.51,17949921,2026-01-30 20:34:33
1441,LPGL,2026-01-31,92.52,94.89,86.5,90.44,4967,2026-01-30 20:34:35
1443,LPL,2026-01-31,23.65,24.07,23.61,23.8,120523,2026-01-30 20:34:37
1445,LSECL,2026-01-31,6.06,6.2,5.21,5.77,3903082,2026-01-30 20:34:41
1447,LSEFSL,2026-01-31,21.01,21.47,21.01,21.36,29,2026-01-30 20:34:43
1448,LSEVL,2026-01-31,11.0,11.7,9.77,10.3,22119686,2026-01-30 20:34:45
1450,LSEVLR,2026-01-31,2.02,2.02,1.53,1.82,4361652,2026-01-30 20:34:48
1454,MACFL,2026-01-31,35.97,35.97,31.47,32.44,825638,2026-01-30 20:34:54
1456,MACTER,2026-01-31,342.0,347.48,335.5,339.26,56292,2026-01-30 20:34:57
1462,MCBIM,2026-01-31,239.95,239.95,234.0,235.89,175,2026-01-30 20:35:05
1465,MDTL,2026-01-31,6.9,7.1,6.62,6.83,2069273,2026-01-30 20:35:09
1468,MEHT,2026-01-31,304.99,304.99,290.52,299.99,131,2026-01-30 20:35:13
1470,MERIT,2026-01-31,12.7,12.7,12.4,12.48,152496,2026-01-30 20:35:16
1473,MFFL,2026-01-31,194.03,197.9,194.0,196.03,1506,2026-01-30 20:35:19
1474,MFL,2026-01-31,62.99,64.45,61.5,62.0,133145,2026-01-30 20:35:22
1476,MFTM,2026-01-31,3.51,3.51,3.4,3.49,22000,2026-01-30 20:35:24
1478,MIIETF,2026-01-31,18.93,18.93,18.14,18.45,1217500,2026-01-30 20:35:26
1480,MIRKS,2026-01-31,35.2,36.4,35.2,35.82,104213,2026-01-30 20:35:29
1485,MQTM,2026-01-31,27.25,29.0,26.65,27.74,27271,2026-01-30 20:35:37
1486,MRNS,2026-01-31,71.48,72.98,70.2,71.66,54583,2026-01-30 20:35:40
1487,MSCL,2026-01-31,15.79,16.95,15.41,16.95,820596,2026-01-30 20:35:43
1488,MSOT,2026-01-31,60.99,60.99,56.55,58.32,22252,2026-01-30 20:35:45
1489,MSOTPS,2026-01-31,11.26,11.26,11.26,11.26,0,2026-01-30 20:35:48
1490,MTL,2026-01-31,553.0,558.9,545.29,552.66,169200,2026-01-30 20:35:51
1491,MUBT,2026-01-31,3.85,3.85,3.85,3.85,35000,2026-01-30 20:35:53
1492,MUGHAL,2026-01-31,96.1,97.5,93.02,95.08,1863968,2026-01-30 20:35:56
1493,MUGHALC,2026-01-31,60.0,60.06,60.0,60.0,3009,2026-01-30 20:35:58
1494,MUREB,2026-01-31,1025.0,1049.99,1020.0,1039.9,1019,2026-01-30 20:36:01
1495,MWMP,2026-01-31,56.88,58.89,54.0,54.75,70505,2026-01-30 20:36:03
1496,MZNPETF,2026-01-31,22.69,22.69,21.82,22.22,913000,2026-01-30 20:36:06
1497,NAGC,2026-01-31,70.0,71.68,70.0,71.68,1001,2026-01-30 20:36:12
1498,NATF,2026-01-31,408.0,412.0,405.0,406.69,78599,2026-01-30 20:36:14
1499,NATM,2026-01-31,80.0,80.0,80.0,80.0,500,2026-01-30 20:36:17
1501,NBPGETF,2026-01-31,33.39,34.99,33.04,33.67,38500,2026-01-30 20:36:23
1502,NCL,2026-01-31,47.9,52.33,47.6,51.98,2171683,2026-01-30 20:36:26
1503,NCML,2026-01-31,19.2,19.26,19.2,19.26,26153,2026-01-30 20:36:28
1505,NESTLE,2026-01-31,7970.0,7970.0,7864.03,7883.79,118,2026-01-30 20:36:32
1506,NETSOL,2026-01-31,124.0,125.5,122.0,123.21,655748,2026-01-30 20:36:35
1507,NEXT,2026-01-31,13.69,13.69,12.81,13.25,26,2026-01-30 20:36:37
1508,NICL,2026-01-31,227.99,227.99,221.01,226.5,9565,2026-01-30 20:36:39
1510,NITGETF,2026-01-31,40.54,41.99,39.33,39.7,66500,2026-01-30 20:36:43
1513,NML,2026-01-31,189.0,204.5,185.8,200.19,6950495,2026-01-30 20:36:49
1515,NONS,2026-01-31,99.0,106.0,95.31,96.6,20277,2026-01-30 20:36:51
1518,NPL,2026-01-31,92.0,100.18,90.68,98.91,21047082,2026-01-30 20:36:55
1520,NRL,2026-01-31,435.0,441.49,427.11,434.04,1254060,2026-01-30 20:36:58
1522,NRSL,2026-01-31,30.3,30.5,29.91,30.18,17387,2026-01-30 20:37:01
1524,NSRM,2026-01-31,145.55,146.99,127.5,140.66,45,2026-01-30 20:37:03
1526,OBOY,2026-01-31,14.14,14.47,14.0,14.05,811284,2026-01-30 20:37:06
1528,OCTOPUS,2026-01-31,39.97,40.0,38.97,39.04,405734,2026-01-30 20:37:09
1532,OLPL,2026-01-31,49.0,49.0,47.0,47.0,35005,2026-01-30 20:37:14
1534,OLPM,2026-01-31,23.23,23.24,22.35,22.35,3203,2026-01-30 20:37:16
1535,OML,2026-01-31,35.9,35.9,35.9,35.9,5,2026-01-30 20:37:18
1537,ORM,2026-01-31,12.02,12.26,12.02,12.1,25424,2026-01-30 20:37:20
1539,OTSU,2026-01-31,359.0,364.95,359.0,362.81,6254,2026-01-30 20:37:22
1541,PABC,2026-01-31,124.0,124.0,120.26,121.7,25931,2026-01-30 20:37:26
1544,PACE,2026-01-31,16.8,17.48,16.35,16.5,15848643,2026-01-30 20:37:30
1546,PAEL,2026-01-31,56.7,57.39,55.9,56.19,5451896,2026-01-30 20:37:33
1548,PAKD,2026-01-31,151.0,151.99,143.0,145.61,7605,2026-01-30 20:37:35
1549,PAKL,2026-01-31,44.6,49.95,44.6,49.82,1724,2026-01-30 20:37:37
1551,PAKOXY,2026-01-31,320.88,328.0,318.0,324.25,7883,2026-01-30 20:37:40
1553,PAKQATAR,2026-01-31,22.2,22.39,21.9,21.98,296801,2026-01-30 20:37:42
1555,PAKRI,2026-01-31,20.05,21.1,20.05,20.56,1102978,2026-01-30 20:37:45
1557,PAKT,2026-01-31,1630.0,1659.99,1615.0,1650.06,21520,2026-01-30 20:37:47
1559,PASL,2026-01-31,3.24,3.24,3.11,3.13,677074,2026-01-30 20:37:50
1560,PASM,2026-01-31,6.23,6.23,5.52,5.52,3,2026-01-30 20:37:52
1562,PCAL,2026-01-31,233.0,250.0,230.5,240.08,378210,2026-01-30 20:37:55
1564,PECO,2026-01-31,524.91,577.4,524.91,569.0,1970,2026-01-30 20:37:57
1566,PGLC,2026-01-31,15.2,17.0,15.2,15.23,3681,2026-01-30 20:37:59
1568,PHDL,2026-01-31,48.8,51.5,48.29,50.0,592568,2026-01-30 20:38:02
1570,PIAHCLA,2026-01-31,27.99,28.6,27.4,27.54,7224750,2026-01-30 20:38:06
1572,PIAHCLB,2026-01-31,20000.0,20150.0,20000.0,20111.0,31,2026-01-30 20:38:08
1574,PIBTL,2026-01-31,20.69,21.49,20.5,20.63,21577222,2026-01-30 20:38:11
1577,PICT,2026-01-31,39.29,39.99,37.29,38.02,116183,2026-01-30 20:38:17
1579,PIL,2026-01-31,5.64,5.8,5.3,5.51,73617,2026-01-30 20:38:19
1581,PIM,2026-01-31,21.94,21.94,19.5,21.0,1005,2026-01-30 20:38:21
1583,PINL,2026-01-31,8.89,10.32,8.65,9.67,526323,2026-01-30 20:38:25
1587,PKGI,2026-01-31,13.51,14.4,13.03,13.51,134411,2026-01-30 20:38:31
1591,PKGS,2026-01-31,835.0,840.0,820.0,837.83,111484,2026-01-30 20:38:36
1593,PMRS,2026-01-31,326.95,349.16,326.95,349.0,93,2026-01-30 20:38:38
1595,PNSC,2026-01-31,570.36,620.0,570.36,607.67,53654,2026-01-30 20:38:40
1599,POML,2026-01-31,176.4,194.03,172.0,183.1,22511,2026-01-30 20:38:46
1601,POWER,2026-01-31,20.81,21.28,20.14,20.72,2011087,2026-01-30 20:38:49
1603,POWERPS,2026-01-31,28.4,28.44,23.5,25.04,1643,2026-01-30 20:38:51
1607,PPP,2026-01-31,141.0,142.99,140.07,141.79,3017,2026-01-30 20:38:57
1608,PPVC,2026-01-31,19.88,19.88,17.89,19.0,2025,2026-01-30 20:38:59
1609,PREMA,2026-01-31,37.99,38.2,37.0,37.6,657645,2026-01-30 20:39:02
1610,PRET,2026-01-31,434.09,494.98,434.09,485.0,1078,2026-01-30 20:39:07
1611,PRL,2026-01-31,37.1,37.5,36.65,36.83,3563985,2026-01-30 20:39:14
1612,PRWM,2026-01-31,45.7,45.7,40.5,43.11,1943,2026-01-30 20:39:16
1613,PSEL,2026-01-31,994.85,994.85,970.01,976.05,115,2026-01-30 20:39:19
1615,PSX,2026-01-31,51.5,51.5,49.8,49.92,1265339,2026-01-30 20:39:24
1616,PSYL,2026-01-31,75.0,77.67,75.0,77.67,106,2026-01-30 20:39:27
1617,PTC,2026-01-31,60.99,63.99,60.99,61.98,24909382,2026-01-30 20:39:33
1618,PTL,2026-01-31,62.0,63.11,60.1,63.0,65654,2026-01-30 20:39:35
1619,QTECH,2026-01-31,42.98,43.9,39.6,40.19,726270,2026-01-30 20:39:40
1620,QUET,2026-01-31,18.7,20.39,18.0,19.88,6037,2026-01-30 20:39:43
1621,QUICE,2026-01-31,30.85,31.49,28.3,29.21,2659164,2026-01-30 20:39:45
1622,RCML,2026-01-31,500.02,500.02,500.02,500.02,14,2026-01-30 20:39:48
1623,REDCO,2026-01-31,27.11,27.23,25.5,26.58,49067,2026-01-30 20:39:51
1624,REWM,2026-01-31,244.05,244.05,222.0,236.97,1743,2026-01-30 20:39:55
1625,RICL,2026-01-31,17.39,17.45,16.0,16.98,2048,2026-01-30 20:39:58
1626,RMPL,2026-01-31,9905.1,10139.99,9905.1,10075.0,81,2026-01-30 20:40:01
1627,RPL,2026-01-31,18.32,18.78,18.01,18.1,162381,2026-01-30 20:40:03
1628,RUBY,2026-01-31,12.11,12.11,11.88,11.88,474,2026-01-30 20:40:06
1629,RUPL,2026-01-31,31.5,32.5,30.09,30.09,586,2026-01-30 20:40:08
1630,SAIF,2026-01-31,38.77,38.77,37.0,37.32,86593,2026-01-30 20:40:11
1631,SANE,2026-01-31,9.19,9.19,8.0,8.0,18747,2026-01-30 20:40:14
1632,SANSM,2026-01-31,102.0,102.5,90.1,94.46,14398,2026-01-30 20:40:16
1633,SAPT,2026-01-31,1304.0,1360.99,1304.0,1350.0,123,2026-01-30 20:40:19
1634,SARC,2026-01-31,78.06,87.26,78.06,84.74,27306,2026-01-30 20:40:21
1635,SASML,2026-01-31,211.5,234.97,211.5,234.97,236,2026-01-30 20:40:23
1636,SAZEW,2026-01-31,2116.0,2184.0,2112.0,2146.48,419229,2026-01-30 20:40:26
1637,SBL,2026-01-31,14.29,14.3,13.8,13.97,119210,2026-01-30 20:40:29
1638,SCBPL,2026-01-31,72.98,73.0,70.01,71.26,31540,2026-01-30 20:40:31
1639,SCL,2026-01-31,645.0,750.0,645.0,724.99,468,2026-01-30 20:40:36
1641,SEL,2026-01-31,29.32,32.24,28.01,29.95,5575,2026-01-30 20:40:43
1642,SEPL,2026-01-31,183.2,183.2,174.0,176.24,55315,2026-01-30 20:40:46
1643,SERT,2026-01-31,37.54,40.45,35.4,39.07,12819,2026-01-30 20:40:49
1644,SFAT,2026-01-31,1.89,1.89,1.89,1.89,2500,2026-01-30 20:40:51
1645,SFL,2026-01-31,1130.0,1215.0,1100.0,1173.58,301,2026-01-30 20:40:54
1646,SGF,2026-01-31,128.0,131.3,127.12,130.37,562462,2026-01-30 20:40:59
1647,SGPL,2026-01-31,26.5,26.5,25.3,25.56,339600,2026-01-30 20:41:01
1648,SHCI,2026-01-31,6.47,6.49,6.45,6.49,8000,2026-01-30 20:41:03
1649,SHCM,2026-01-31,50.02,58.93,50.02,53.61,338,2026-01-30 20:41:05
1650,SHDT,2026-01-31,50.0,52.8,50.0,51.0,86702,2026-01-30 20:41:08
1651,SHEZ,2026-01-31,261.02,276.5,260.0,261.64,2821,2026-01-30 20:41:11
1652,SHFA,2026-01-31,585.0,585.99,562.04,580.0,1994,2026-01-30 20:41:13
1653,SHJS,2026-01-31,200.0,220.89,191.37,191.78,1412,2026-01-30 20:41:16
1654,SHNI,2026-01-31,10.19,10.19,10.1,10.1,25148,2026-01-30 20:41:18
1655,SHSML,2026-01-31,399.0,417.0,372.1,385.32,1068,2026-01-30 20:41:20
1656,SIBL,2026-01-31,8.27,8.9,8.27,8.4,1061,2026-01-30 20:41:23
1657,SIEM,2026-01-31,1470.0,1477.99,1405.0,1463.72,36,2026-01-30 20:41:25
1658,SINDM,2026-01-31,27.17,27.75,26.75,27.12,16517,2026-01-30 20:41:28
1659,SITC,2026-01-31,870.5,878.8,860.0,862.11,3791,2026-01-30 20:41:31
1660,SKRS,2026-01-31,24.45,24.5,22.6,23.75,26876,2026-01-30 20:41:34
1661,SLCL,2026-01-31,1.14,1.14,1.0,1.0,37500,2026-01-30 20:41:36
1662,SLGL,2026-01-31,20.1,20.42,19.55,20.07,1405745,2026-01-30 20:41:41
1663,SLL,2026-01-31,2.14,2.29,1.6,1.7,232928,2026-01-30 20:41:43
1664,SLYT,2026-01-31,13.41,13.41,12.51,13.41,493,2026-01-30 20:41:46
1665,SMCPL,2026-01-31,49.92,50.14,48.0,48.14,14165,2026-01-30 20:41:48
1666,SML,2026-01-31,148.81,154.69,144.35,147.09,4138,2026-01-30 20:41:51
1667,SNAI,2026-01-31,36.0,38.0,36.0,38.0,1515,2026-01-30 20:41:53
1668,SNBL,2026-01-31,24.01,24.49,23.01,23.38,2955612,2026-01-30 20:41:57
1670,SPCL,2026-01-31,0.87,0.95,0.8,0.95,143500,2026-01-30 20:42:03
1671,SPEL,2026-01-31,54.1,56.0,54.0,54.42,337788,2026-01-30 20:42:05
1672,SPL,2026-01-31,58.03,65.0,58.03,62.19,46179,2026-01-30 20:42:08
1673,SPWL,2026-01-31,11.12,11.38,11.01,11.11,410658,2026-01-30 20:42:12
1674,SRVI,2026-01-31,1794.0,1794.0,1740.0,1740.54,2910,2026-01-30 20:42:15
1676,SSML,2026-01-31,28.95,30.99,27.2,30.99,378,2026-01-30 20:42:23
1677,SSOM,2026-01-31,415.0,439.0,415.0,425.31,11040,2026-01-30 20:42:25
1678,STCL,2026-01-31,15.21,15.6,15.2,15.41,65540,2026-01-30 20:42:28
1679,STJT,2026-01-31,98.0,108.0,97.89,98.07,941,2026-01-30 20:42:31
1680,STL,2026-01-31,1225.0,1225.0,1225.0,1225.0,13,2026-01-30 20:42:33
1681,STML,2026-01-31,28.31,32.99,28.25,31.4,7306,2026-01-30 20:42:36
1682,STPL,2026-01-31,8.65,8.8,8.57,8.63,683408,2026-01-30 20:42:38
1683,STYLERS,2026-01-31,45.0,46.67,44.0,45.55,1946,2026-01-30 20:42:41
1684,SUHJ,2026-01-31,100.99,100.99,96.01,96.01,101,2026-01-30 20:42:43
1685,SURC,2026-01-31,117.0,119.88,117.0,118.37,329,2026-01-30 20:42:48
1686,SUTM,2026-01-31,130.76,143.97,130.76,140.49,9,2026-01-30 20:42:51
1687,SYM,2026-01-31,14.13,14.49,13.83,14.23,1642853,2026-01-30 20:42:56
1688,SYS,2026-01-31,155.0,156.49,153.0,154.57,2406348,2026-01-30 20:42:59
1689,SZTM,2026-01-31,48.11,52.99,48.11,52.99,6,2026-01-30 20:43:01
1690,TATM,2026-01-31,167.98,171.45,159.0,164.45,108518,2026-01-30 20:43:07
1691,TBL,2026-01-31,12.6,12.7,12.43,12.48,1358274,2026-01-30 20:43:09
1692,TCORP,2026-01-31,20.98,20.98,19.41,20.51,60125,2026-01-30 20:43:11
1693,TCORPCPS,2026-01-31,9.11,11.11,9.09,11.11,83278,2026-01-30 20:43:14
1694,TELE,2026-01-31,11.2,11.85,11.2,11.46,13025874,2026-01-30 20:43:16
1695,TGL,2026-01-31,215.0,220.01,215.0,219.18,56206,2026-01-30 20:43:18
1696,THALL,2026-01-31,623.0,650.0,615.0,643.7,41533,2026-01-30 20:43:21
1697,THCCL,2026-01-31,65.0,66.95,64.8,65.52,4630192,2026-01-30 20:43:23
1698,TICL,2026-01-31,661.0,730.0,661.0,715.0,2132,2026-01-30 20:43:26
1699,TOMCL,2026-01-31,50.0,50.49,48.5,49.19,3221909,2026-01-30 20:43:30
1700,TOWL,2026-01-31,163.01,169.0,161.1,168.91,16999,2026-01-30 20:43:33
1701,TPL,2026-01-31,9.5,9.69,9.25,9.31,1165095,2026-01-30 20:43:35
1702,TPLI,2026-01-31,21.04,22.0,19.22,21.92,286879,2026-01-30 20:43:38
1703,TPLL,2026-01-31,24.49,24.49,21.65,21.75,510,2026-01-30 20:43:41
1704,TPLP,2026-01-31,11.69,11.83,11.5,11.57,9168488,2026-01-30 20:43:43
1705,TPLRF1,2026-01-31,11.15,11.4,10.85,11.03,278312,2026-01-30 20:43:45
1706,TPLT,2026-01-31,13.06,13.22,12.8,13.01,179042,2026-01-30 20:43:48
1707,TREET,2026-01-31,32.65,33.5,32.4,32.71,6675235,2026-01-30 20:43:50
1708,TRG,2026-01-31,71.64,73.48,71.13,72.17,4124309,2026-01-30 20:43:53
1709,TRIBL,2026-01-31,0.97,0.97,0.97,0.97,3000,2026-01-30 20:43:56
1710,TRIPF,2026-01-31,142.0,142.0,136.0,136.56,49467,2026-01-30 20:43:59
1711,TRSM,2026-01-31,16.44,16.82,15.3,15.58,1776575,2026-01-30 20:44:01
1712,TSBL,2026-01-31,3.49,3.49,3.27,3.33,2269591,2026-01-30 20:44:04
1713,TSMF,2026-01-31,14.44,14.99,14.44,14.8,3370,2026-01-30 20:44:07
1714,TSML,2026-01-31,195.79,214.0,183.15,199.3,330,2026-01-30 20:44:10
