Date,Symbol,Signal,Conviction,Commentary,Risk_Flag,Future_Path,Model
2026-02-17,LUCK,HOLD,0%,,,Real-time Deployment,Groq Llama-3.3-70b (SMI-v1)
2026-02-17,MEBL,HOLD,0%,,,Real-time Deployment,Groq Llama-3.3-70b (SMI-v1)
2026-02-17,FFC,HOLD,0%,,,Real-time Deployment,Groq Llama-3.3-70b (SMI-v1)
2026-02-17,POL,HOLD,0%,,,Real-time Deployment,Groq Llama-3.3-70b (SMI-v1)
2026-02-17,INDU,HOLD,0%,,,Real-time Deployment,Groq Llama-3.3-70b (SMI-v1)
2026-02-17,OGDC,HOLD,0%,,,Real-time Deployment,Groq Llama-3.3-70b (SMI-v1)
2026-02-17,PPL,HOLD,0%,,,Real-time Deployment,Groq Llama-3.3-70b (SMI-v1)
2026-02-17,EFERT,HOLD,0%,,,Real-time Deployment,Groq Llama-3.3-70b (SMI-v1)
2026-02-17,MARI,HOLD,0%,,,Real-time Deployment,Groq Llama-3.3-70b (SMI-v1)
