Symbol,Company,Sector,Date,Close_Price,Change_%,Volume,Volume_Avg,Volume_Ratio,Day_High,Day_Low,RSI_14,RSI_Signal,SMA_20,SMA_50,MACD,MACD_Signal,Total_Score,Score_Grade,Technical_Score,Fundamental_Score,Sentiment_Score,Momentum_Score,Risk_Level,Recommendation,Target_Support,Target_Resistance
UNILEVER,UNILEVER,,2026-02-20,0,0,0,0,1.0,0,0,50,Neutral,0,0,0,Bearish,33,F,10,12,3,10,Low,SELL,0,0
AGP,AGP,,2026-02-20,0,0,477862,0,477862.0,0,0,50,Neutral,0,0,0,Bearish,0,F,0,0,0,0,Low,SELL,0,0
AKGL,AKGL,,2026-02-20,0,0,5,0,5.0,0,0,50,Neutral,0,0,0,Bearish,0,F,0,0,0,0,Low,SELL,0,0
ALAC,ALAC,,2026-02-20,0,0,396234,0,396234.0,0,0,50,Neutral,0,0,0,Bearish,0,F,0,0,0,0,Low,SELL,0,0
ALIFE,ALIFE,,2026-02-20,0,0,3353,0,3353.0,0,0,50,Neutral,0,0,0,Bearish,0,F,0,0,0,0,Low,SELL,0,0
ALNRS,ALNRS,,2026-02-20,0,0,30,0,30.0,0,0,50,Neutral,0,0,0,Bearish,0,F,0,0,0,0,Low,SELL,0,0
ALTN,ALTN,,2026-02-20,0,0,542834,0,542834.0,0,0,50,Neutral,0,0,0,Bearish,0,F,0,0,0,0,Low,SELL,0,0
AMBL,AMBL,,2026-02-20,0,0,100728,0,100728.0,0,0,50,Neutral,0,0,0,Bearish,0,F,0,0,0,0,Low,SELL,0,0
AMSL,AMSL,,2026-02-20,0,0,0,0,1.0,0,0,50,Neutral,0,0,0,Bearish,0,F,0,0,0,0,Low,SELL,0,0
AMTEX,AMTEX,,2026-02-20,0,0,1974944,0,1974944.0,0,0,50,Neutral,0,0,0,Bearish,0,F,0,0,0,0,Low,SELL,0,0
ANL,ANL,,2026-02-20,0,0,925512,0,925512.0,0,0,50,Neutral,0,0,0,Bearish,0,F,0,0,0,0,Low,SELL,0,0
ANLNV,ANLNV,,2026-02-20,0,0,2650,0,2650.0,0,0,50,Neutral,0,0,0,Bearish,0,F,0,0,0,0,Low,SELL,0,0
ANLPS,ANLPS,,2026-02-20,0,0,0,0,1.0,0,0,50,Neutral,0,0,0,Bearish,0,F,0,0,0,0,Low,SELL,0,0
ANNT,ANNT,,2026-02-20,0,0,0,0,1.0,0,0,50,Neutral,0,0,0,Bearish,0,F,0,0,0,0,Low,SELL,0,0
ANSM,ANSM,,2026-02-20,0,0,303,0,303.0,0,0,50,Neutral,0,0,0,Bearish,0,F,0,0,0,0,Low,SELL,0,0
ANTM,ANTM,,2026-02-20,0,0,1701,0,1701.0,0,0,50,Neutral,0,0,0,Bearish,0,F,0,0,0,0,Low,SELL,0,0
APL,APL,,2026-02-20,0,0,5731,0,5731.0,0,0,50,Neutral,0,0,0,Bearish,0,F,0,0,0,0,Low,SELL,0,0
APOT,APOT,,2026-02-20,0,0,0,0,1.0,0,0,50,Neutral,0,0,0,Bearish,0,F,0,0,0,0,Low,SELL,0,0
ARCTM,ARCTM,,2026-02-20,0,0,3135,0,3135.0,0,0,50,Neutral,0,0,0,Bearish,0,F,0,0,0,0,Low,SELL,0,0
ARPAK,ARPAK,,2026-02-20,0,0,7735,0,7735.0,0,0,50,Neutral,0,0,0,Bearish,0,F,0,0,0,0,Low,SELL,0,0
ARPL,ARPL,,2026-02-20,0,0,2429,0,2429.0,0,0,50,Neutral,0,0,0,Bearish,0,F,0,0,0,0,Low,SELL,0,0
ARUJ,ARUJ,,2026-02-20,0,0,24130,0,24130.0,0,0,50,Neutral,0,0,0,Bearish,0,F,0,0,0,0,Low,SELL,0,0
ASC,ASC,,2026-02-20,0,0,259016,0,259016.0,0,0,50,Neutral,0,0,0,Bearish,0,F,0,0,0,0,Low,SELL,0,0
ASHT,ASHT,,2026-02-20,0,0,1066,0,1066.0,0,0,50,Neutral,0,0,0,Bearish,0,F,0,0,0,0,Low,SELL,0,0
ASIC,ASIC,,2026-02-20,0,0,23,0,23.0,0,0,50,Neutral,0,0,0,Bearish,0,F,0,0,0,0,Low,SELL,0,0
ASL,ASL,,2026-02-20,0,0,1365419,0,1365419.0,0,0,50,Neutral,0,0,0,Bearish,0,F,0,0,0,0,Low,SELL,0,0
ASLCPS,ASLCPS,,2026-02-20,0,0,224,0,224.0,0,0,50,Neutral,0,0,0,Bearish,0,F,0,0,0,0,Low,SELL,0,0
ASLPS,ASLPS,,2026-02-20,0,0,2,0,2.0,0,0,50,Neutral,0,0,0,Bearish,0,F,0,0,0,0,Low,SELL,0,0
ASTL,ASTL,,2026-02-20,0,0,1251917,0,1251917.0,0,0,50,Neutral,0,0,0,Bearish,0,F,0,0,0,0,Low,SELL,0,0
ASTM,ASTM,,2026-02-20,0,0,27712,0,27712.0,0,0,50,Neutral,0,0,0,Bearish,0,F,0,0,0,0,Low,SELL,0,0
ATBA,ATBA,,2026-02-20,0,0,6519,0,6519.0,0,0,50,Neutral,0,0,0,Bearish,0,F,0,0,0,0,Low,SELL,0,0
ATIL,ATIL,,2026-02-20,0,0,12566,0,12566.0,0,0,50,Neutral,0,0,0,Bearish,0,F,0,0,0,0,Low,SELL,0,0
ATLH,ATLH,,2026-02-20,0,0,1325,0,1325.0,0,0,50,Neutral,0,0,0,Bearish,0,F,0,0,0,0,Low,SELL,0,0
ATRL,ATRL,,2026-02-20,0,0,264586,0,264586.0,0,0,50,Neutral,0,0,0,Bearish,0,F,0,0,0,0,Low,SELL,0,0
AVN,AVN,,2026-02-20,0,0,106616,0,106616.0,0,0,50,Neutral,0,0,0,Bearish,0,F,0,0,0,0,Low,SELL,0,0
AWTX,AWTX,,2026-02-20,0,0,4,0,4.0,0,0,50,Neutral,0,0,0,Bearish,0,F,0,0,0,0,Low,SELL,0,0
AZMT,AZMT,,2026-02-20,0,0,0,0,1.0,0,0,50,Neutral,0,0,0,Bearish,0,F,0,0,0,0,Low,SELL,0,0
BAFL,BAFL,,2026-02-20,0,0,3143550,0,3143550.0,0,0,50,Neutral,0,0,0,Bearish,0,F,0,0,0,0,Low,SELL,0,0
BAFS,BAFS,,2026-02-20,0,0,56,0,56.0,0,0,50,Neutral,0,0,0,Bearish,0,F,0,0,0,0,Low,SELL,0,0
BAHL,BAHL,,2026-02-20,0,0,1100084,0,1100084.0,0,0,50,Neutral,0,0,0,Bearish,0,F,0,0,0,0,Low,SELL,0,0
BAPL,BAPL,,2026-02-20,0,0,25582,0,25582.0,0,0,50,Neutral,0,0,0,Bearish,0,F,0,0,0,0,Low,SELL,0,0
BATA,BATA,,2026-02-20,0,0,633,0,633.0,0,0,50,Neutral,0,0,0,Bearish,0,F,0,0,0,0,Low,SELL,0,0
BBFL,BBFL,,2026-02-20,0,0,1254171,0,1254171.0,0,0,50,Neutral,0,0,0,Bearish,0,F,0,0,0,0,Low,SELL,0,0
BCL,BCL,,2026-02-20,0,0,8381,0,8381.0,0,0,50,Neutral,0,0,0,Bearish,0,F,0,0,0,0,Low,SELL,0,0
BECO,BECO,,2026-02-20,0,0,4267145,0,4267145.0,0,0,50,Neutral,0,0,0,Bearish,0,F,0,0,0,0,Low,SELL,0,0
BELA,BELA,,2026-02-20,0,0,636,0,636.0,0,0,50,Neutral,0,0,0,Bearish,0,F,0,0,0,0,Low,SELL,0,0
BERG,BERG,,2026-02-20,0,0,38706,0,38706.0,0,0,50,Neutral,0,0,0,Bearish,0,F,0,0,0,0,Low,SELL,0,0
BFAGRO,BFAGRO,,2026-02-20,0,0,2051380,0,2051380.0,0,0,50,Neutral,0,0,0,Bearish,0,F,0,0,0,0,Low,SELL,0,0
BFBIO,BFBIO,,2026-02-20,0,0,507745,0,507745.0,0,0,50,Neutral,0,0,0,Bearish,0,F,0,0,0,0,Low,SELL,0,0
CYAN,CYAN,,2026-02-20,0,0,22867,0,22867.0,0,0,50,Neutral,0,0,0,Bearish,0,F,0,0,0,0,Low,SELL,0,0
DCL,DCL,,2026-02-20,0,0,1434687,0,1434687.0,0,0,50,Neutral,0,0,0,Bearish,0,F,0,0,0,0,Low,SELL,0,0
DMTM,DMTM,,2026-02-20,0,0,4459,0,4459.0,0,0,50,Neutral,0,0,0,Bearish,0,F,0,0,0,0,Low,SELL,0,0
DNCC,DNCC,,2026-02-20,0,0,300799,0,300799.0,0,0,50,Neutral,0,0,0,Bearish,0,F,0,0,0,0,Low,SELL,0,0
DOL,DOL,,2026-02-20,0,0,77978,0,77978.0,0,0,50,Neutral,0,0,0,Bearish,0,F,0,0,0,0,Low,SELL,0,0
DSFL,DSFL,,2026-02-20,0,0,4434000,0,4434000.0,0,0,50,Neutral,0,0,0,Bearish,0,F,0,0,0,0,Low,SELL,0,0
DSIL,DSIL,,2026-02-20,0,0,683986,0,683986.0,0,0,50,Neutral,0,0,0,Bearish,0,F,0,0,0,0,Low,SELL,0,0
DSL,DSL,,2026-02-20,0,0,563144,0,563144.0,0,0,50,Neutral,0,0,0,Bearish,0,F,0,0,0,0,Low,SELL,0,0
DWAE,DWAE,,2026-02-20,0,0,8241,0,8241.0,0,0,50,Neutral,0,0,0,Bearish,0,F,0,0,0,0,Low,SELL,0,0
DWSM,DWSM,,2026-02-20,0,0,100553,0,100553.0,0,0,50,Neutral,0,0,0,Bearish,0,F,0,0,0,0,Low,SELL,0,0
DWTM,DWTM,,2026-02-20,0,0,146270,0,146270.0,0,0,50,Neutral,0,0,0,Bearish,0,F,0,0,0,0,Low,SELL,0,0
DYNO,DYNO,,2026-02-20,0,0,312,0,312.0,0,0,50,Neutral,0,0,0,Bearish,0,F,0,0,0,0,Low,SELL,0,0
ECOP,ECOP,,2026-02-20,0,0,140070,0,140070.0,0,0,50,Neutral,0,0,0,Bearish,0,F,0,0,0,0,Low,SELL,0,0
EFERT,EFERT,,2026-02-20,0,0,786402,0,786402.0,0,0,50,Neutral,0,0,0,Bearish,0,F,0,0,0,0,Low,SELL,0,0
EFUG,EFUG,,2026-02-20,0,0,1382,0,1382.0,0,0,50,Neutral,0,0,0,Bearish,0,F,0,0,0,0,Low,SELL,0,0
EFUL,EFUL,,2026-02-20,0,0,1582,0,1582.0,0,0,50,Neutral,0,0,0,Bearish,0,F,0,0,0,0,Low,SELL,0,0
ELCM,ELCM,,2026-02-20,0,0,31,0,31.0,0,0,50,Neutral,0,0,0,Bearish,0,F,0,0,0,0,Low,SELL,0,0
ELSM,ELSM,,2026-02-20,0,0,2001,0,2001.0,0,0,50,Neutral,0,0,0,Bearish,0,F,0,0,0,0,Low,SELL,0,0
EMCO,EMCO,,2026-02-20,0,0,85624,0,85624.0,0,0,50,Neutral,0,0,0,Bearish,0,F,0,0,0,0,Low,SELL,0,0
ENGL,ENGL,,2026-02-20,0,0,0,0,1.0,0,0,50,Neutral,0,0,0,Bearish,0,F,0,0,0,0,Low,SELL,0,0
ENGROH,ENGROH,,2026-02-20,0,0,2204564,0,2204564.0,0,0,50,Neutral,0,0,0,Bearish,0,F,0,0,0,0,Low,SELL,0,0
EPCL,EPCL,,2026-02-20,0,0,6034384,0,6034384.0,0,0,50,Neutral,0,0,0,Bearish,0,F,0,0,0,0,Low,SELL,0,0
EPCLPS,EPCLPS,,2026-02-20,0,0,8502,0,8502.0,0,0,50,Neutral,0,0,0,Bearish,0,F,0,0,0,0,Low,SELL,0,0
EPQL,EPQL,,2026-02-20,0,0,23898270,0,23898270.0,0,0,50,Neutral,0,0,0,Bearish,0,F,0,0,0,0,Low,SELL,0,0
ESBL,ESBL,,2026-02-20,0,0,74271,0,74271.0,0,0,50,Neutral,0,0,0,Bearish,0,F,0,0,0,0,Low,SELL,0,0
EWIC,EWIC,,2026-02-20,0,0,1110,0,1110.0,0,0,50,Neutral,0,0,0,Bearish,0,F,0,0,0,0,Low,SELL,0,0
EXIDE,EXIDE,,2026-02-20,0,0,9741,0,9741.0,0,0,50,Neutral,0,0,0,Bearish,0,F,0,0,0,0,Low,SELL,0,0
FABL,FABL,,2026-02-20,0,0,1415702,0,1415702.0,0,0,50,Neutral,0,0,0,Bearish,0,F,0,0,0,0,Low,SELL,0,0
FAEL,FAEL,,2026-02-20,0,0,0,0,1.0,0,0,50,Neutral,0,0,0,Bearish,0,F,0,0,0,0,Low,SELL,0,0
FANM,FANM,,2026-02-20,0,0,22663,0,22663.0,0,0,50,Neutral,0,0,0,Bearish,0,F,0,0,0,0,Low,SELL,0,0
FASM,FASM,,2026-02-20,0,0,183,0,183.0,0,0,50,Neutral,0,0,0,Bearish,0,F,0,0,0,0,Low,SELL,0,0
FATIMA,FATIMA,,2026-02-20,0,0,1236618,0,1236618.0,0,0,50,Neutral,0,0,0,Bearish,0,F,0,0,0,0,Low,SELL,0,0
FCCL,FCCL,,2026-02-20,0,0,644168,0,644168.0,0,0,50,Neutral,0,0,0,Bearish,0,F,0,0,0,0,Low,SELL,0,0
FCEL,FCEL,,2026-02-20,0,0,71702,0,71702.0,0,0,50,Neutral,0,0,0,Bearish,0,F,0,0,0,0,Low,SELL,0,0
FCEPL,FCEPL,,2026-02-20,0,0,1863468,0,1863468.0,0,0,50,Neutral,0,0,0,Bearish,0,F,0,0,0,0,Low,SELL,0,0
FCIBL,FCIBL,,2026-02-20,0,0,8008,0,8008.0,0,0,50,Neutral,0,0,0,Bearish,0,F,0,0,0,0,Low,SELL,0,0
FCL,FCL,,2026-02-20,0,0,1693290,0,1693290.0,0,0,50,Neutral,0,0,0,Bearish,0,F,0,0,0,0,Low,SELL,0,0
FCONM,FCONM,,2026-02-20,0,0,0,0,1.0,0,0,50,Neutral,0,0,0,Bearish,0,F,0,0,0,0,Low,SELL,0,0
FCSC,FCSC,,2026-02-20,0,0,702349,0,702349.0,0,0,50,Neutral,0,0,0,Bearish,0,F,0,0,0,0,Low,SELL,0,0
FDPL,FDPL,,2026-02-20,0,0,323786,0,323786.0,0,0,50,Neutral,0,0,0,Bearish,0,F,0,0,0,0,Low,SELL,0,0
FECM,FECM,,2026-02-20,0,0,3020,0,3020.0,0,0,50,Neutral,0,0,0,Bearish,0,F,0,0,0,0,Low,SELL,0,0
FECTC,FECTC,,2026-02-20,0,0,614444,0,614444.0,0,0,50,Neutral,0,0,0,Bearish,0,F,0,0,0,0,Low,SELL,0,0
FEM,FEM,,2026-02-20,0,0,22610,0,22610.0,0,0,50,Neutral,0,0,0,Bearish,0,F,0,0,0,0,Low,SELL,0,0
FEROZ,FEROZ,,2026-02-20,0,0,29756,0,29756.0,0,0,50,Neutral,0,0,0,Bearish,0,F,0,0,0,0,Low,SELL,0,0
FFC,FFC,,2026-02-20,0,0,779524,0,779524.0,0,0,50,Neutral,0,0,0,Bearish,0,F,0,0,0,0,Low,SELL,0,0
FFL,FFL,,2026-02-20,0,0,3246157,0,3246157.0,0,0,50,Neutral,0,0,0,Bearish,0,F,0,0,0,0,Low,SELL,0,0
FFLM,FFLM,,2026-02-20,0,0,33152,0,33152.0,0,0,50,Neutral,0,0,0,Bearish,0,F,0,0,0,0,Low,SELL,0,0
FIBLM,FIBLM,,2026-02-20,0,0,15576,0,15576.0,0,0,50,Neutral,0,0,0,Bearish,0,F,0,0,0,0,Low,SELL,0,0
FIL,FIL,,2026-02-20,0,0,1,0,1.0,0,0,50,Neutral,0,0,0,Bearish,0,F,0,0,0,0,Low,SELL,0,0
FIM,FIM,,2026-02-20,0,0,0,0,1.0,0,0,50,Neutral,0,0,0,Bearish,0,F,0,0,0,0,Low,SELL,0,0
FIMM,FIMM,,2026-02-20,0,0,48,0,48.0,0,0,50,Neutral,0,0,0,Bearish,0,F,0,0,0,0,Low,SELL,0,0
FLYNG,FLYNG,,2026-02-20,0,0,21463,0,21463.0,0,0,50,Neutral,0,0,0,Bearish,0,F,0,0,0,0,Low,SELL,0,0
FNBM,FNBM,,2026-02-20,0,0,384000,0,384000.0,0,0,50,Neutral,0,0,0,Bearish,0,F,0,0,0,0,Low,SELL,0,0
FNEL,FNEL,,2026-02-20,0,0,10240561,0,10240561.0,0,0,50,Neutral,0,0,0,Bearish,0,F,0,0,0,0,Low,SELL,0,0
FPJM,FPJM,,2026-02-20,0,0,57760,0,57760.0,0,0,50,Neutral,0,0,0,Bearish,0,F,0,0,0,0,Low,SELL,0,0
FPRM,FPRM,,2026-02-20,0,0,3306,0,3306.0,0,0,50,Neutral,0,0,0,Bearish,0,F,0,0,0,0,Low,SELL,0,0
FRCL,FRCL,,2026-02-20,0,0,115,0,115.0,0,0,50,Neutral,0,0,0,Bearish,0,F,0,0,0,0,Low,SELL,0,0
FRSM,FRSM,,2026-02-20,0,0,3251,0,3251.0,0,0,50,Neutral,0,0,0,Bearish,0,F,0,0,0,0,Low,SELL,0,0
FSWL,FSWL,,2026-02-20,0,0,3,0,3.0,0,0,50,Neutral,0,0,0,Bearish,0,F,0,0,0,0,Low,SELL,0,0
FTHM,FTHM,,2026-02-20,0,0,0,0,1.0,0,0,50,Neutral,0,0,0,Bearish,0,F,0,0,0,0,Low,SELL,0,0
FTMM,FTMM,,2026-02-20,0,0,1821,0,1821.0,0,0,50,Neutral,0,0,0,Bearish,0,F,0,0,0,0,Low,SELL,0,0
FTSM,FTSM,,2026-02-20,0,0,16556,0,16556.0,0,0,50,Neutral,0,0,0,Bearish,0,F,0,0,0,0,Low,SELL,0,0
FZCM,FZCM,,2026-02-20,0,0,11,0,11.0,0,0,50,Neutral,0,0,0,Bearish,0,F,0,0,0,0,Low,SELL,0,0
GADT,GADT,,2026-02-20,0,0,3094,0,3094.0,0,0,50,Neutral,0,0,0,Bearish,0,F,0,0,0,0,Low,SELL,0,0
GAL,GAL,,2026-02-20,0,0,610052,0,610052.0,0,0,50,Neutral,0,0,0,Bearish,0,F,0,0,0,0,Low,SELL,0,0
GAMON,GAMON,,2026-02-20,0,0,6414,0,6414.0,0,0,50,Neutral,0,0,0,Bearish,0,F,0,0,0,0,Low,SELL,0,0
GATI,GATI,,2026-02-20,0,0,15356,0,15356.0,0,0,50,Neutral,0,0,0,Bearish,0,F,0,0,0,0,Low,SELL,0,0
GATM,GATM,,2026-02-20,0,0,102651,0,102651.0,0,0,50,Neutral,0,0,0,Bearish,0,F,0,0,0,0,Low,SELL,0,0
GCIL,GCIL,,2026-02-20,0,0,1089072,0,1089072.0,0,0,50,Neutral,0,0,0,Bearish,0,F,0,0,0,0,Low,SELL,0,0
GCWL,GCWL,,2026-02-20,0,0,1937185,0,1937185.0,0,0,50,Neutral,0,0,0,Bearish,0,F,0,0,0,0,Low,SELL,0,0
GEMBCEM,GEMBCEM,,2026-02-20,0,0,2878,0,2878.0,0,0,50,Neutral,0,0,0,Bearish,0,F,0,0,0,0,Low,SELL,0,0
GEMMEL,GEMMEL,,2026-02-20,0,0,50000,0,50000.0,0,0,50,Neutral,0,0,0,Bearish,0,F,0,0,0,0,Low,SELL,0,0
GEMNETS,GEMNETS,,2026-02-20,0,0,600,0,600.0,0,0,50,Neutral,0,0,0,Bearish,0,F,0,0,0,0,Low,SELL,0,0
GEMPACRA,GEMPACRA,,2026-02-20,0,0,510,0,510.0,0,0,50,Neutral,0,0,0,Bearish,0,F,0,0,0,0,Low,SELL,0,0
GEMPAPL,GEMPAPL,,2026-02-20,0,0,16000,0,16000.0,0,0,50,Neutral,0,0,0,Bearish,0,F,0,0,0,0,Low,SELL,0,0
GEMSPNL,GEMSPNL,,2026-02-20,0,0,28845,0,28845.0,0,0,50,Neutral,0,0,0,Bearish,0,F,0,0,0,0,Low,SELL,0,0
GFIL,GFIL,,2026-02-20,0,0,104661,0,104661.0,0,0,50,Neutral,0,0,0,Bearish,0,F,0,0,0,0,Low,SELL,0,0
GGGL,GGGL,,2026-02-20,0,0,324869,0,324869.0,0,0,50,Neutral,0,0,0,Bearish,0,F,0,0,0,0,Low,SELL,0,0
GGL,GGL,,2026-02-20,0,0,885991,0,885991.0,0,0,50,Neutral,0,0,0,Bearish,0,F,0,0,0,0,Low,SELL,0,0
GHGL,GHGL,,2026-02-20,0,0,145729,0,145729.0,0,0,50,Neutral,0,0,0,Bearish,0,F,0,0,0,0,Low,SELL,0,0
GHNI,GHNI,,2026-02-20,0,0,169269,0,169269.0,0,0,50,Neutral,0,0,0,Bearish,0,F,0,0,0,0,Low,SELL,0,0
GIL,GIL,,2026-02-20,0,0,0,0,1.0,0,0,50,Neutral,0,0,0,Bearish,0,F,0,0,0,0,Low,SELL,0,0
GLAXO,GLAXO,,2026-02-20,0,0,35467,0,35467.0,0,0,50,Neutral,0,0,0,Bearish,0,F,0,0,0,0,Low,SELL,0,0
GLOT,GLOT,,2026-02-20,0,0,0,0,1.0,0,0,50,Neutral,0,0,0,Bearish,0,F,0,0,0,0,Low,SELL,0,0
GLPL,GLPL,,2026-02-20,0,0,25,0,25.0,0,0,50,Neutral,0,0,0,Bearish,0,F,0,0,0,0,Low,SELL,0,0
GOC,GOC,,2026-02-20,0,0,172,0,172.0,0,0,50,Neutral,0,0,0,Bearish,0,F,0,0,0,0,Low,SELL,0,0
GRR,GRR,,2026-02-20,0,0,98195,0,98195.0,0,0,50,Neutral,0,0,0,Bearish,0,F,0,0,0,0,Low,SELL,0,0
GRYL,GRYL,,2026-02-20,0,0,5380,0,5380.0,0,0,50,Neutral,0,0,0,Bearish,0,F,0,0,0,0,Low,SELL,0,0
GSPM,GSPM,,2026-02-20,0,0,4,0,4.0,0,0,50,Neutral,0,0,0,Bearish,0,F,0,0,0,0,Low,SELL,0,0
GTYR,GTYR,,2026-02-20,0,0,191455,0,191455.0,0,0,50,Neutral,0,0,0,Bearish,0,F,0,0,0,0,Low,SELL,0,0
GUSM,GUSM,,2026-02-20,0,0,95,0,95.0,0,0,50,Neutral,0,0,0,Bearish,0,F,0,0,0,0,Low,SELL,0,0
GUTM,GUTM,,2026-02-20,0,0,0,0,1.0,0,0,50,Neutral,0,0,0,Bearish,0,F,0,0,0,0,Low,SELL,0,0
GVGL,GVGL,,2026-02-20,0,0,5909,0,5909.0,0,0,50,Neutral,0,0,0,Bearish,0,F,0,0,0,0,Low,SELL,0,0
GWLC,GWLC,,2026-02-20,0,0,195979,0,195979.0,0,0,50,Neutral,0,0,0,Bearish,0,F,0,0,0,0,Low,SELL,0,0
HABSM,HABSM,,2026-02-20,0,0,13336,0,13336.0,0,0,50,Neutral,0,0,0,Bearish,0,F,0,0,0,0,Low,SELL,0,0
HADC,HADC,,2026-02-20,0,0,499500,0,499500.0,0,0,50,Neutral,0,0,0,Bearish,0,F,0,0,0,0,Low,SELL,0,0
HAEL,HAEL,,2026-02-20,0,0,4324,0,4324.0,0,0,50,Neutral,0,0,0,Bearish,0,F,0,0,0,0,Low,SELL,0,0
HAFL,HAFL,,2026-02-20,0,0,99,0,99.0,0,0,50,Neutral,0,0,0,Bearish,0,F,0,0,0,0,Low,SELL,0,0
HAJT,HAJT,,2026-02-20,0,0,0,0,1.0,0,0,50,Neutral,0,0,0,Bearish,0,F,0,0,0,0,Low,SELL,0,0
HALEON,HALEON,,2026-02-20,0,0,11541,0,11541.0,0,0,50,Neutral,0,0,0,Bearish,0,F,0,0,0,0,Low,SELL,0,0
HASCOL,HASCOL,,2026-02-20,0,0,5719271,0,5719271.0,0,0,50,Neutral,0,0,0,Bearish,0,F,0,0,0,0,Low,SELL,0,0
HATM,HATM,,2026-02-20,0,0,0,0,1.0,0,0,50,Neutral,0,0,0,Bearish,0,F,0,0,0,0,Low,SELL,0,0
HBL,HBL,,2026-02-20,0,0,2478431,0,2478431.0,0,0,50,Neutral,0,0,0,Bearish,0,F,0,0,0,0,Low,SELL,0,0
HBLTETF,HBLTETF,,2026-02-20,0,0,20400,0,20400.0,0,0,50,Neutral,0,0,0,Bearish,0,F,0,0,0,0,Low,SELL,0,0
HCAR,HCAR,,2026-02-20,0,0,12445,0,12445.0,0,0,50,Neutral,0,0,0,Bearish,0,F,0,0,0,0,Low,SELL,0,0
HGFA,HGFA,,2026-02-20,0,0,106507,0,106507.0,0,0,50,Neutral,0,0,0,Bearish,0,F,0,0,0,0,Low,SELL,0,0
HICL,HICL,,2026-02-20,0,0,1276,0,1276.0,0,0,50,Neutral,0,0,0,Bearish,0,F,0,0,0,0,Low,SELL,0,0
HIFA,HIFA,,2026-02-20,0,0,219658,0,219658.0,0,0,50,Neutral,0,0,0,Bearish,0,F,0,0,0,0,Low,SELL,0,0
HINO,HINO,,2026-02-20,0,0,4375,0,4375.0,0,0,50,Neutral,0,0,0,Bearish,0,F,0,0,0,0,Low,SELL,0,0
HINOON,HINOON,,2026-02-20,0,0,57561,0,57561.0,0,0,50,Neutral,0,0,0,Bearish,0,F,0,0,0,0,Low,SELL,0,0
HIRAT,HIRAT,,2026-02-20,0,0,5480,0,5480.0,0,0,50,Neutral,0,0,0,Bearish,0,F,0,0,0,0,Low,SELL,0,0
HKKT,HKKT,,2026-02-20,0,0,0,0,1.0,0,0,50,Neutral,0,0,0,Bearish,0,F,0,0,0,0,Low,SELL,0,0
HMB,HMB,,2026-02-20,0,0,1385668,0,1385668.0,0,0,50,Neutral,0,0,0,Bearish,0,F,0,0,0,0,Low,SELL,0,0
HMIM,HMIM,,2026-02-20,0,0,3000,0,3000.0,0,0,50,Neutral,0,0,0,Bearish,0,F,0,0,0,0,Low,SELL,0,0
DAAG,DAAG,,2026-02-20,0,0,1801,0,1801.0,0,0,50,Neutral,0,0,0,Bearish,0,F,0,0,0,0,Low,SELL,0,0
DHPL,DHPL,,2026-02-20,0,0,87689,0,87689.0,0,0,50,Neutral,0,0,0,Bearish,0,F,0,0,0,0,Low,SELL,0,0
HPL,HPL,,2026-02-20,0,0,2257,0,2257.0,0,0,50,Neutral,0,0,0,Bearish,0,F,0,0,0,0,Low,SELL,0,0
HRPL,HRPL,,2026-02-20,0,0,57540,0,57540.0,0,0,50,Neutral,0,0,0,Bearish,0,F,0,0,0,0,Low,SELL,0,0
HSPI,HSPI,,2026-02-20,0,0,99532,0,99532.0,0,0,50,Neutral,0,0,0,Bearish,0,F,0,0,0,0,Low,SELL,0,0
HTL,HTL,,2026-02-20,0,0,149240,0,149240.0,0,0,50,Neutral,0,0,0,Bearish,0,F,0,0,0,0,Low,SELL,0,0
HUBC,HUBC,Technology,2026-02-20,0,0,1958409,0,1958409.0,0,0,50,Neutral,0,0,0,Bearish,0,F,0,0,0,0,Low,SELL,0,0
HUMNL,HUMNL,,2026-02-20,0,0,3865332,0,3865332.0,0,0,50,Neutral,0,0,0,Bearish,0,F,0,0,0,0,Low,SELL,0,0
HUSI,HUSI,,2026-02-20,0,0,111315,0,111315.0,0,0,50,Neutral,0,0,0,Bearish,0,F,0,0,0,0,Low,SELL,0,0
HWQS,HWQS,,2026-02-20,0,0,22754,0,22754.0,0,0,50,Neutral,0,0,0,Bearish,0,F,0,0,0,0,Low,SELL,0,0
IBFL,IBFL,,2026-02-20,0,0,1,0,1.0,0,0,50,Neutral,0,0,0,Bearish,0,F,0,0,0,0,Low,SELL,0,0
IBLHL,IBLHL,,2026-02-20,0,0,99008,0,99008.0,0,0,50,Neutral,0,0,0,Bearish,0,F,0,0,0,0,Low,SELL,0,0
ICCI,ICCI,,2026-02-20,0,0,9422,0,9422.0,0,0,50,Neutral,0,0,0,Bearish,0,F,0,0,0,0,Low,SELL,0,0
ICIBL,ICIBL,,2026-02-20,0,0,353507,0,353507.0,0,0,50,Neutral,0,0,0,Bearish,0,F,0,0,0,0,Low,SELL,0,0
ICL,ICL,,2026-02-20,0,0,21496,0,21496.0,0,0,50,Neutral,0,0,0,Bearish,0,F,0,0,0,0,Low,SELL,0,0
IDRT,IDRT,,2026-02-20,0,0,10436,0,10436.0,0,0,50,Neutral,0,0,0,Bearish,0,F,0,0,0,0,Low,SELL,0,0
IDSM,IDSM,,2026-02-20,0,0,4906,0,4906.0,0,0,50,Neutral,0,0,0,Bearish,0,F,0,0,0,0,Low,SELL,0,0
IDYM,IDYM,,2026-02-20,0,0,16631,0,16631.0,0,0,50,Neutral,0,0,0,Bearish,0,F,0,0,0,0,Low,SELL,0,0
IGIHL,IGIHL,,2026-02-20,0,0,18329,0,18329.0,0,0,50,Neutral,0,0,0,Bearish,0,F,0,0,0,0,Low,SELL,0,0
IGIL,IGIL,,2026-02-20,0,0,4937,0,4937.0,0,0,50,Neutral,0,0,0,Bearish,0,F,0,0,0,0,Low,SELL,0,0
ILP,ILP,,2026-02-20,0,0,420175,0,420175.0,0,0,50,Neutral,0,0,0,Bearish,0,F,0,0,0,0,Low,SELL,0,0
IMAGE,IMAGE,,2026-02-20,0,0,270049,0,270049.0,0,0,50,Neutral,0,0,0,Bearish,0,F,0,0,0,0,Low,SELL,0,0
IML,IML,,2026-02-20,0,0,9742,0,9742.0,0,0,50,Neutral,0,0,0,Bearish,0,F,0,0,0,0,Low,SELL,0,0
IMS,IMS,,2026-02-20,0,0,251852,0,251852.0,0,0,50,Neutral,0,0,0,Bearish,0,F,0,0,0,0,Low,SELL,0,0
INDU,INDU,,2026-02-20,0,0,2156,0,2156.0,0,0,50,Neutral,0,0,0,Bearish,0,F,0,0,0,0,Low,SELL,0,0
INIL,INIL,,2026-02-20,0,0,22190,0,22190.0,0,0,50,Neutral,0,0,0,Bearish,0,F,0,0,0,0,Low,SELL,0,0
INKL,INKL,,2026-02-20,0,0,40453,0,40453.0,0,0,50,Neutral,0,0,0,Bearish,0,F,0,0,0,0,Low,SELL,0,0
INMF,INMF,,2026-02-20,0,0,0,0,1.0,0,0,50,Neutral,0,0,0,Bearish,0,F,0,0,0,0,Low,SELL,0,0
IPAK,IPAK,,2026-02-20,0,0,378992,0,378992.0,0,0,50,Neutral,0,0,0,Bearish,0,F,0,0,0,0,Low,SELL,0,0
ISIL,ISIL,,2026-02-20,0,0,12,0,12.0,0,0,50,Neutral,0,0,0,Bearish,0,F,0,0,0,0,Low,SELL,0,0
ISL,ISL,,2026-02-20,0,0,130512,0,130512.0,0,0,50,Neutral,0,0,0,Bearish,0,F,0,0,0,0,Low,SELL,0,0
ITANZ,ITANZ,,2026-02-20,0,0,1700,0,1700.0,0,0,50,Neutral,0,0,0,Bearish,0,F,0,0,0,0,Low,SELL,0,0
ITTEFAQ,ITTEFAQ,,2026-02-20,0,0,1453731,0,1453731.0,0,0,50,Neutral,0,0,0,Bearish,0,F,0,0,0,0,Low,SELL,0,0
JATM,JATM,,2026-02-20,0,0,526,0,526.0,0,0,50,Neutral,0,0,0,Bearish,0,F,0,0,0,0,Low,SELL,0,0
JDMT,JDMT,,2026-02-20,0,0,1318,0,1318.0,0,0,50,Neutral,0,0,0,Bearish,0,F,0,0,0,0,Low,SELL,0,0
JDWS,JDWS,,2026-02-20,0,0,49,0,49.0,0,0,50,Neutral,0,0,0,Bearish,0,F,0,0,0,0,Low,SELL,0,0
JGICL,JGICL,,2026-02-20,0,0,84447,0,84447.0,0,0,50,Neutral,0,0,0,Bearish,0,F,0,0,0,0,Low,SELL,0,0
JKSM,JKSM,,2026-02-20,0,0,543,0,543.0,0,0,50,Neutral,0,0,0,Bearish,0,F,0,0,0,0,Low,SELL,0,0
JLICL,JLICL,,2026-02-20,0,0,8056,0,8056.0,0,0,50,Neutral,0,0,0,Bearish,0,F,0,0,0,0,Low,SELL,0,0
JSBL,JSBL,,2026-02-20,0,0,67403,0,67403.0,0,0,50,Neutral,0,0,0,Bearish,0,F,0,0,0,0,Low,SELL,0,0
JSCL,JSCL,,2026-02-20,0,0,97558,0,97558.0,0,0,50,Neutral,0,0,0,Bearish,0,F,0,0,0,0,Low,SELL,0,0
JSCLPSA,JSCLPSA,,2026-02-20,0,0,10000,0,10000.0,0,0,50,Neutral,0,0,0,Bearish,0,F,0,0,0,0,Low,SELL,0,0
JSGBETF,JSGBETF,,2026-02-20,0,0,207500,0,207500.0,0,0,50,Neutral,0,0,0,Bearish,0,F,0,0,0,0,Low,SELL,0,0
JSGCL,JSGCL,,2026-02-20,0,0,341,0,341.0,0,0,50,Neutral,0,0,0,Bearish,0,F,0,0,0,0,Low,SELL,0,0
JSIL,JSIL,,2026-02-20,0,0,7053,0,7053.0,0,0,50,Neutral,0,0,0,Bearish,0,F,0,0,0,0,Low,SELL,0,0
JSMFETF,JSMFETF,,2026-02-20,0,0,2820000,0,2820000.0,0,0,50,Neutral,0,0,0,Bearish,0,F,0,0,0,0,Low,SELL,0,0
JSML,JSML,,2026-02-20,0,0,12511,0,12511.0,0,0,50,Neutral,0,0,0,Bearish,0,F,0,0,0,0,Low,SELL,0,0
JUBS,JUBS,,2026-02-20,0,0,2962,0,2962.0,0,0,50,Neutral,0,0,0,Bearish,0,F,0,0,0,0,Low,SELL,0,0
JVDC,JVDC,,2026-02-20,0,0,529570,0,529570.0,0,0,50,Neutral,0,0,0,Bearish,0,F,0,0,0,0,Low,SELL,0,0
JVDCPS,JVDCPS,,2026-02-20,0,0,13323,0,13323.0,0,0,50,Neutral,0,0,0,Bearish,0,F,0,0,0,0,Low,SELL,0,0
KAKL,KAKL,,2026-02-20,0,0,0,0,1.0,0,0,50,Neutral,0,0,0,Bearish,0,F,0,0,0,0,Low,SELL,0,0
KAPCO,KAPCO,,2026-02-20,0,0,456191,0,456191.0,0,0,50,Neutral,0,0,0,Bearish,0,F,0,0,0,0,Low,SELL,0,0
KCL,KCL,,2026-02-20,0,0,17,0,17.0,0,0,50,Neutral,0,0,0,Bearish,0,F,0,0,0,0,Low,SELL,0,0
KEL,KEL,,2026-02-20,0,0,17601140,0,17601140.0,0,0,50,Neutral,0,0,0,Bearish,0,F,0,0,0,0,Low,SELL,0,0
KHTC,KHTC,,2026-02-20,0,0,1154,0,1154.0,0,0,50,Neutral,0,0,0,Bearish,0,F,0,0,0,0,Low,SELL,0,0
KHYT,KHYT,,2026-02-20,0,0,18,0,18.0,0,0,50,Neutral,0,0,0,Bearish,0,F,0,0,0,0,Low,SELL,0,0
KML,KML,,2026-02-20,0,0,291218,0,291218.0,0,0,50,Neutral,0,0,0,Bearish,0,F,0,0,0,0,Low,SELL,0,0
KOHC,KOHC,,2026-02-20,0,0,99858,0,99858.0,0,0,50,Neutral,0,0,0,Bearish,0,F,0,0,0,0,Low,SELL,0,0
KOHE,KOHE,,2026-02-20,0,0,102198,0,102198.0,0,0,50,Neutral,0,0,0,Bearish,0,F,0,0,0,0,Low,SELL,0,0
KOHP,KOHP,,2026-02-20,0,0,65858,0,65858.0,0,0,50,Neutral,0,0,0,Bearish,0,F,0,0,0,0,Low,SELL,0,0
KOHTM,KOHTM,,2026-02-20,0,0,12825,0,12825.0,0,0,50,Neutral,0,0,0,Bearish,0,F,0,0,0,0,Low,SELL,0,0
KOIL,KOIL,,2026-02-20,0,0,162671,0,162671.0,0,0,50,Neutral,0,0,0,Bearish,0,F,0,0,0,0,Low,SELL,0,0
KOSM,KOSM,,2026-02-20,0,0,2576221,0,2576221.0,0,0,50,Neutral,0,0,0,Bearish,0,F,0,0,0,0,Low,SELL,0,0
KPUS,KPUS,,2026-02-20,0,0,1172,0,1172.0,0,0,50,Neutral,0,0,0,Bearish,0,F,0,0,0,0,Low,SELL,0,0
KSBP,KSBP,,2026-02-20,0,0,19914,0,19914.0,0,0,50,Neutral,0,0,0,Bearish,0,F,0,0,0,0,Low,SELL,0,0
KSTM,KSTM,,2026-02-20,0,0,957,0,957.0,0,0,50,Neutral,0,0,0,Bearish,0,F,0,0,0,0,Low,SELL,0,0
KTML,KTML,,2026-02-20,0,0,193550,0,193550.0,0,0,50,Neutral,0,0,0,Bearish,0,F,0,0,0,0,Low,SELL,0,0
LCI,LCI,,2026-02-20,0,0,38740,0,38740.0,0,0,50,Neutral,0,0,0,Bearish,0,F,0,0,0,0,Low,SELL,0,0
LEUL,LEUL,,2026-02-20,0,0,3280,0,3280.0,0,0,50,Neutral,0,0,0,Bearish,0,F,0,0,0,0,Low,SELL,0,0
LIVEN,LIVEN,,2026-02-20,0,0,43598,0,43598.0,0,0,50,Neutral,0,0,0,Bearish,0,F,0,0,0,0,Low,SELL,0,0
LOADS,LOADS,,2026-02-20,0,0,2872306,0,2872306.0,0,0,50,Neutral,0,0,0,Bearish,0,F,0,0,0,0,Low,SELL,0,0
LOTCHEM,LOTCHEM,,2026-02-20,0,0,339092,0,339092.0,0,0,50,Neutral,0,0,0,Bearish,0,F,0,0,0,0,Low,SELL,0,0
LPGL,LPGL,,2026-02-20,0,0,3106,0,3106.0,0,0,50,Neutral,0,0,0,Bearish,0,F,0,0,0,0,Low,SELL,0,0
LPL,LPL,,2026-02-20,0,0,138864,0,138864.0,0,0,50,Neutral,0,0,0,Bearish,0,F,0,0,0,0,Low,SELL,0,0
LSECL,LSECL,,2026-02-20,0,0,1555615,0,1555615.0,0,0,50,Neutral,0,0,0,Bearish,0,F,0,0,0,0,Low,SELL,0,0
LSEFSL,LSEFSL,,2026-02-20,0,0,14984,0,14984.0,0,0,50,Neutral,0,0,0,Bearish,0,F,0,0,0,0,Low,SELL,0,0
LSEVL,LSEVL,,2026-02-20,0,0,2787206,0,2787206.0,0,0,50,Neutral,0,0,0,Bearish,0,F,0,0,0,0,Low,SELL,0,0
LSEVLR,LSEVLR,,2026-02-20,0,0,4361652,0,4361652.0,0,0,50,Neutral,0,0,0,Bearish,0,F,0,0,0,0,Low,SELL,0,0
LUCK,LUCK,Technology,2026-02-20,0,0,609077,0,609077.0,0,0,50,Neutral,0,0,0,Bearish,0,F,0,0,0,0,Low,SELL,0,0
MACFL,MACFL,,2026-02-20,0,0,799389,0,799389.0,0,0,50,Neutral,0,0,0,Bearish,0,F,0,0,0,0,Low,SELL,0,0
MACTER,MACTER,,2026-02-20,0,0,9331,0,9331.0,0,0,50,Neutral,0,0,0,Bearish,0,F,0,0,0,0,Low,SELL,0,0
MARI,MARI,,2026-02-20,0,0,168495,0,168495.0,0,0,50,Neutral,0,0,0,Bearish,0,F,0,0,0,0,Low,SELL,0,0
MCB,MCB,,2026-02-20,0,0,38181,0,38181.0,0,0,50,Neutral,0,0,0,Bearish,0,F,0,0,0,0,Low,SELL,0,0
MCBIM,MCBIM,,2026-02-20,0,0,1066,0,1066.0,0,0,50,Neutral,0,0,0,Bearish,0,F,0,0,0,0,Low,SELL,0,0
MDTL,MDTL,,2026-02-20,0,0,1402780,0,1402780.0,0,0,50,Neutral,0,0,0,Bearish,0,F,0,0,0,0,Low,SELL,0,0
MEBL,MEBL,,2026-02-20,0,0,353864,0,353864.0,0,0,50,Neutral,0,0,0,Bearish,0,F,0,0,0,0,Low,SELL,0,0
MEHT,MEHT,,2026-02-20,0,0,1326,0,1326.0,0,0,50,Neutral,0,0,0,Bearish,0,F,0,0,0,0,Low,SELL,0,0
MERIT,MERIT,,2026-02-20,0,0,37885,0,37885.0,0,0,50,Neutral,0,0,0,Bearish,0,F,0,0,0,0,Low,SELL,0,0
MFFL,MFFL,,2026-02-20,0,0,4419,0,4419.0,0,0,50,Neutral,0,0,0,Bearish,0,F,0,0,0,0,Low,SELL,0,0
MFL,MFL,,2026-02-20,0,0,24438,0,24438.0,0,0,50,Neutral,0,0,0,Bearish,0,F,0,0,0,0,Low,SELL,0,0
MFTM,MFTM,,2026-02-20,0,0,22000,0,22000.0,0,0,50,Neutral,0,0,0,Bearish,0,F,0,0,0,0,Low,SELL,0,0
MIIETF,MIIETF,,2026-02-20,0,0,1609000,0,1609000.0,0,0,50,Neutral,0,0,0,Bearish,0,F,0,0,0,0,Low,SELL,0,0
MIRKS,MIRKS,,2026-02-20,0,0,343831,0,343831.0,0,0,50,Neutral,0,0,0,Bearish,0,F,0,0,0,0,Low,SELL,0,0
MLCF,MLCF,,2026-02-20,0,0,1149372,0,1149372.0,0,0,50,Neutral,0,0,0,Bearish,0,F,0,0,0,0,Low,SELL,0,0
MOHE,MOHE,,2026-02-20,0,0,0,0,1.0,0,0,50,Neutral,0,0,0,Bearish,0,F,0,0,0,0,Low,SELL,0,0
MQTM,MQTM,,2026-02-20,0,0,5345,0,5345.0,0,0,50,Neutral,0,0,0,Bearish,0,F,0,0,0,0,Low,SELL,0,0
MRNS,MRNS,,2026-02-20,0,0,19505,0,19505.0,0,0,50,Neutral,0,0,0,Bearish,0,F,0,0,0,0,Low,SELL,0,0
MSCL,MSCL,,2026-02-20,0,0,161773,0,161773.0,0,0,50,Neutral,0,0,0,Bearish,0,F,0,0,0,0,Low,SELL,0,0
MSOT,MSOT,,2026-02-20,0,0,11,0,11.0,0,0,50,Neutral,0,0,0,Bearish,0,F,0,0,0,0,Low,SELL,0,0
MSOTPS,MSOTPS,,2026-02-20,0,0,0,0,1.0,0,0,50,Neutral,0,0,0,Bearish,0,F,0,0,0,0,Low,SELL,0,0
MTL,MTL,,2026-02-20,0,0,57607,0,57607.0,0,0,50,Neutral,0,0,0,Bearish,0,F,0,0,0,0,Low,SELL,0,0
MUBT,MUBT,,2026-02-20,0,0,35000,0,35000.0,0,0,50,Neutral,0,0,0,Bearish,0,F,0,0,0,0,Low,SELL,0,0
MUGHAL,MUGHAL,,2026-02-20,0,0,655534,0,655534.0,0,0,50,Neutral,0,0,0,Bearish,0,F,0,0,0,0,Low,SELL,0,0
MUGHALC,MUGHALC,,2026-02-20,0,0,1514,0,1514.0,0,0,50,Neutral,0,0,0,Bearish,0,F,0,0,0,0,Low,SELL,0,0
BFMOD,BFMOD,,2026-02-20,0,0,15216,0,15216.0,0,0,50,Neutral,0,0,0,Bearish,0,F,0,0,0,0,Low,SELL,0,0
MUREB,MUREB,,2026-02-20,0,0,3994,0,3994.0,0,0,50,Neutral,0,0,0,Bearish,0,F,0,0,0,0,Low,SELL,0,0
MWMP,MWMP,,2026-02-20,0,0,9700,0,9700.0,0,0,50,Neutral,0,0,0,Bearish,0,F,0,0,0,0,Low,SELL,0,0
MZNPETF,MZNPETF,,2026-02-20,0,0,524500,0,524500.0,0,0,50,Neutral,0,0,0,Bearish,0,F,0,0,0,0,Low,SELL,0,0
NAFL,NAFL,,2026-02-20,0,0,0,0,1.0,0,0,50,Neutral,0,0,0,Bearish,0,F,0,0,0,0,Low,SELL,0,0
NAGC,NAGC,,2026-02-20,0,0,1064,0,1064.0,0,0,50,Neutral,0,0,0,Bearish,0,F,0,0,0,0,Low,SELL,0,0
NATF,NATF,,2026-02-20,0,0,125909,0,125909.0,0,0,50,Neutral,0,0,0,Bearish,0,F,0,0,0,0,Low,SELL,0,0
NATM,NATM,,2026-02-20,0,0,500,0,500.0,0,0,50,Neutral,0,0,0,Bearish,0,F,0,0,0,0,Low,SELL,0,0
NBP,NBP,,2026-02-20,0,0,8186042,0,8186042.0,0,0,50,Neutral,0,0,0,Bearish,0,F,0,0,0,0,Low,SELL,0,0
NBPGETF,NBPGETF,,2026-02-20,0,0,20000,0,20000.0,0,0,50,Neutral,0,0,0,Bearish,0,F,0,0,0,0,Low,SELL,0,0
NCL,NCL,,2026-02-20,0,0,332964,0,332964.0,0,0,50,Neutral,0,0,0,Bearish,0,F,0,0,0,0,Low,SELL,0,0
NCML,NCML,,2026-02-20,0,0,102,0,102.0,0,0,50,Neutral,0,0,0,Bearish,0,F,0,0,0,0,Low,SELL,0,0
NCPL,NCPL,,2026-02-20,0,0,15018125,0,15018125.0,0,0,50,Neutral,0,0,0,Bearish,0,F,0,0,0,0,Low,SELL,0,0
NESTLE,NESTLE,,2026-02-20,0,0,16,0,16.0,0,0,50,Neutral,0,0,0,Bearish,0,F,0,0,0,0,Low,SELL,0,0
NETSOL,NETSOL,,2026-02-20,0,0,970588,0,970588.0,0,0,50,Neutral,0,0,0,Bearish,0,F,0,0,0,0,Low,SELL,0,0
NEXT,NEXT,,2026-02-20,0,0,1720,0,1720.0,0,0,50,Neutral,0,0,0,Bearish,0,F,0,0,0,0,Low,SELL,0,0
NICL,NICL,,2026-02-20,0,0,10814,0,10814.0,0,0,50,Neutral,0,0,0,Bearish,0,F,0,0,0,0,Low,SELL,0,0
NINA,NINA,,2026-02-20,0,0,0,0,1.0,0,0,50,Neutral,0,0,0,Bearish,0,F,0,0,0,0,Low,SELL,0,0
NITGETF,NITGETF,,2026-02-20,0,0,21500,0,21500.0,0,0,50,Neutral,0,0,0,Bearish,0,F,0,0,0,0,Low,SELL,0,0
NMFL,NMFL,,2026-02-20,0,0,0,0,1.0,0,0,50,Neutral,0,0,0,Bearish,0,F,0,0,0,0,Low,SELL,0,0
NML,NML,,2026-02-20,0,0,1197072,0,1197072.0,0,0,50,Neutral,0,0,0,Bearish,0,F,0,0,0,0,Low,SELL,0,0
NONS,NONS,,2026-02-20,0,0,6164,0,6164.0,0,0,50,Neutral,0,0,0,Bearish,0,F,0,0,0,0,Low,SELL,0,0
NPL,NPL,,2026-02-20,0,0,1133263,0,1133263.0,0,0,50,Neutral,0,0,0,Bearish,0,F,0,0,0,0,Low,SELL,0,0
NRL,NRL,,2026-02-20,0,0,392444,0,392444.0,0,0,50,Neutral,0,0,0,Bearish,0,F,0,0,0,0,Low,SELL,0,0
NRSL,NRSL,,2026-02-20,0,0,27167,0,27167.0,0,0,50,Neutral,0,0,0,Bearish,0,F,0,0,0,0,Low,SELL,0,0
OML,OML,,2026-02-20,0,0,703,0,703.0,0,0,50,Neutral,0,0,0,Bearish,0,F,0,0,0,0,Low,SELL,0,0
ORM,ORM,,2026-02-20,0,0,119739,0,119739.0,0,0,50,Neutral,0,0,0,Bearish,0,F,0,0,0,0,Low,SELL,0,0
OTSU,OTSU,,2026-02-20,0,0,2042,0,2042.0,0,0,50,Neutral,0,0,0,Bearish,0,F,0,0,0,0,Low,SELL,0,0
PAEL,PAEL,,2026-02-20,0,0,1364137,0,1364137.0,0,0,50,Neutral,0,0,0,Bearish,0,F,0,0,0,0,Low,SELL,0,0
PAKD,PAKD,,2026-02-20,0,0,2296,0,2296.0,0,0,50,Neutral,0,0,0,Bearish,0,F,0,0,0,0,Low,SELL,0,0
PAKL,PAKL,,2026-02-20,0,0,77,0,77.0,0,0,50,Neutral,0,0,0,Bearish,0,F,0,0,0,0,Low,SELL,0,0
PAKOXY,PAKOXY,,2026-02-20,0,0,857,0,857.0,0,0,50,Neutral,0,0,0,Bearish,0,F,0,0,0,0,Low,SELL,0,0
PASL,PASL,,2026-02-20,0,0,659096,0,659096.0,0,0,50,Neutral,0,0,0,Bearish,0,F,0,0,0,0,Low,SELL,0,0
PASM,PASM,,2026-02-20,0,0,197,0,197.0,0,0,50,Neutral,0,0,0,Bearish,0,F,0,0,0,0,Low,SELL,0,0
QUICE,QUICE,,2026-02-20,0,0,5509059,0,5509059.0,0,0,50,Neutral,0,0,0,Bearish,0,F,0,0,0,0,Low,SELL,0,0
RCML,RCML,,2026-02-20,0,0,13,0,13.0,0,0,50,Neutral,0,0,0,Bearish,0,F,0,0,0,0,Low,SELL,0,0
REDCO,REDCO,,2026-02-20,0,0,110,0,110.0,0,0,50,Neutral,0,0,0,Bearish,0,F,0,0,0,0,Low,SELL,0,0
REGAL,REGAL,,2026-02-20,0,0,0,0,1.0,0,0,50,Neutral,0,0,0,Bearish,0,F,0,0,0,0,Low,SELL,0,0
REWM,REWM,,2026-02-20,0,0,556,0,556.0,0,0,50,Neutral,0,0,0,Bearish,0,F,0,0,0,0,Low,SELL,0,0
SANE,SANE,,2026-02-20,0,0,18747,0,18747.0,0,0,50,Neutral,0,0,0,Bearish,0,F,0,0,0,0,Low,SELL,0,0
SANSM,SANSM,,2026-02-20,0,0,368,0,368.0,0,0,50,Neutral,0,0,0,Bearish,0,F,0,0,0,0,Low,SELL,0,0
SAPT,SAPT,,2026-02-20,0,0,3,0,3.0,0,0,50,Neutral,0,0,0,Bearish,0,F,0,0,0,0,Low,SELL,0,0
SARC,SARC,,2026-02-20,0,0,752,0,752.0,0,0,50,Neutral,0,0,0,Bearish,0,F,0,0,0,0,Low,SELL,0,0
SASML,SASML,,2026-02-20,0,0,901,0,901.0,0,0,50,Neutral,0,0,0,Bearish,0,F,0,0,0,0,Low,SELL,0,0
SAZEW,SAZEW,,2026-02-20,0,0,41907,0,41907.0,0,0,50,Neutral,0,0,0,Bearish,0,F,0,0,0,0,Low,SELL,0,0
SBL,SBL,,2026-02-20,0,0,4238843,0,4238843.0,0,0,50,Neutral,0,0,0,Bearish,0,F,0,0,0,0,Low,SELL,0,0
SCBPL,SCBPL,,2026-02-20,0,0,28546,0,28546.0,0,0,50,Neutral,0,0,0,Bearish,0,F,0,0,0,0,Low,SELL,0,0
SCHT,SCHT,,2026-02-20,0,0,0,0,1.0,0,0,50,Neutral,0,0,0,Bearish,0,F,0,0,0,0,Low,SELL,0,0
SCL,SCL,,2026-02-20,0,0,62,0,62.0,0,0,50,Neutral,0,0,0,Bearish,0,F,0,0,0,0,Low,SELL,0,0
SURAJ,SURAJ,,2026-02-20,0,0,0,0,1.0,0,0,50,Neutral,0,0,0,Bearish,0,F,0,0,0,0,Low,SELL,0,0
SURC,SURC,,2026-02-20,0,0,6752,0,6752.0,0,0,50,Neutral,0,0,0,Bearish,0,F,0,0,0,0,Low,SELL,0,0
SUTM,SUTM,,2026-02-20,0,0,3501,0,3501.0,0,0,50,Neutral,0,0,0,Bearish,0,F,0,0,0,0,Low,SELL,0,0
SWL,SWL,,2026-02-20,0,0,0,0,1.0,0,0,50,Neutral,0,0,0,Bearish,0,F,0,0,0,0,Low,SELL,0,0
SYM,SYM,,2026-02-20,0,0,1362512,0,1362512.0,0,0,50,Neutral,0,0,0,Bearish,0,F,0,0,0,0,Low,SELL,0,0
SYS,SYS,Technology,2026-02-20,0,0,878189,0,878189.0,0,0,50,Neutral,0,0,0,Bearish,0,F,0,0,0,0,Low,SELL,0,0
SZTM,SZTM,,2026-02-20,0,0,1782,0,1782.0,0,0,50,Neutral,0,0,0,Bearish,0,F,0,0,0,0,Low,SELL,0,0
TAJT,TAJT,,2026-02-20,0,0,0,0,1.0,0,0,50,Neutral,0,0,0,Bearish,0,F,0,0,0,0,Low,SELL,0,0
TATM,TATM,,2026-02-20,0,0,31345,0,31345.0,0,0,50,Neutral,0,0,0,Bearish,0,F,0,0,0,0,Low,SELL,0,0
TBL,TBL,,2026-02-20,0,0,645866,0,645866.0,0,0,50,Neutral,0,0,0,Bearish,0,F,0,0,0,0,Low,SELL,0,0
TCORP,TCORP,,2026-02-20,0,0,8170,0,8170.0,0,0,50,Neutral,0,0,0,Bearish,0,F,0,0,0,0,Low,SELL,0,0
TCORPCPS,TCORPCPS,,2026-02-20,0,0,380,0,380.0,0,0,50,Neutral,0,0,0,Bearish,0,F,0,0,0,0,Low,SELL,0,0
TELE,TELE,,2026-02-20,0,0,4684037,0,4684037.0,0,0,50,Neutral,0,0,0,Bearish,0,F,0,0,0,0,Low,SELL,0,0
TGL,TGL,,2026-02-20,0,0,42097,0,42097.0,0,0,50,Neutral,0,0,0,Bearish,0,F,0,0,0,0,Low,SELL,0,0
THCCL,THCCL,,2026-02-20,0,0,1292403,0,1292403.0,0,0,50,Neutral,0,0,0,Bearish,0,F,0,0,0,0,Low,SELL,0,0
TICL,TICL,,2026-02-20,0,0,375,0,375.0,0,0,50,Neutral,0,0,0,Bearish,0,F,0,0,0,0,Low,SELL,0,0
TOMCL,TOMCL,,2026-02-20,0,0,1430329,0,1430329.0,0,0,50,Neutral,0,0,0,Bearish,0,F,0,0,0,0,Low,SELL,0,0
TOWL,TOWL,,2026-02-20,0,0,4713,0,4713.0,0,0,50,Neutral,0,0,0,Bearish,0,F,0,0,0,0,Low,SELL,0,0
TPL,TPL,,2026-02-20,0,0,824556,0,824556.0,0,0,50,Neutral,0,0,0,Bearish,0,F,0,0,0,0,Low,SELL,0,0
TPLI,TPLI,,2026-02-20,0,0,3921,0,3921.0,0,0,50,Neutral,0,0,0,Bearish,0,F,0,0,0,0,Low,SELL,0,0
TPLL,TPLL,,2026-02-20,0,0,50,0,50.0,0,0,50,Neutral,0,0,0,Bearish,0,F,0,0,0,0,Low,SELL,0,0
TPLP,TPLP,,2026-02-20,0,0,3901031,0,3901031.0,0,0,50,Neutral,0,0,0,Bearish,0,F,0,0,0,0,Low,SELL,0,0
TPLRF1,TPLRF1,,2026-02-20,0,0,495826,0,495826.0,0,0,50,Neutral,0,0,0,Bearish,0,F,0,0,0,0,Low,SELL,0,0
TPLT,TPLT,,2026-02-20,0,0,214492,0,214492.0,0,0,50,Neutral,0,0,0,Bearish,0,F,0,0,0,0,Low,SELL,0,0
TREET,TREET,,2026-02-20,0,0,3186617,0,3186617.0,0,0,50,Neutral,0,0,0,Bearish,0,F,0,0,0,0,Low,SELL,0,0
TRG,TRG,,2026-02-20,0,0,688461,0,688461.0,0,0,50,Neutral,0,0,0,Bearish,0,F,0,0,0,0,Low,SELL,0,0
TRIBL,TRIBL,,2026-02-20,0,0,3000,0,3000.0,0,0,50,Neutral,0,0,0,Bearish,0,F,0,0,0,0,Low,SELL,0,0
TRIPF,TRIPF,,2026-02-20,0,0,730263,0,730263.0,0,0,50,Neutral,0,0,0,Bearish,0,F,0,0,0,0,Low,SELL,0,0
TRSM,TRSM,,2026-02-20,0,0,1237808,0,1237808.0,0,0,50,Neutral,0,0,0,Bearish,0,F,0,0,0,0,Low,SELL,0,0
TSBL,TSBL,,2026-02-20,0,0,6600310,0,6600310.0,0,0,50,Neutral,0,0,0,Bearish,0,F,0,0,0,0,Low,SELL,0,0
TSMF,TSMF,,2026-02-20,0,0,801,0,801.0,0,0,50,Neutral,0,0,0,Bearish,0,F,0,0,0,0,Low,SELL,0,0
TSML,TSML,,2026-02-20,0,0,580,0,580.0,0,0,50,Neutral,0,0,0,Bearish,0,F,0,0,0,0,Low,SELL,0,0
TSPL,TSPL,,2026-02-20,0,0,5081,0,5081.0,0,0,50,Neutral,0,0,0,Bearish,0,F,0,0,0,0,Low,SELL,0,0
UBDL,UBDL,,2026-02-20,0,0,850,0,850.0,0,0,50,Neutral,0,0,0,Bearish,0,F,0,0,0,0,Low,SELL,0,0
UBL,UBL,,2026-02-20,0,0,340831,0,340831.0,0,0,50,Neutral,0,0,0,Bearish,0,F,0,0,0,0,Low,SELL,0,0
UBLPETF,UBLPETF,,2026-02-20,0,0,205500,0,205500.0,0,0,50,Neutral,0,0,0,Bearish,0,F,0,0,0,0,Low,SELL,0,0
UCAPM,UCAPM,,2026-02-20,0,0,69416,0,69416.0,0,0,50,Neutral,0,0,0,Bearish,0,F,0,0,0,0,Low,SELL,0,0
UDLI,UDLI,,2026-02-20,0,0,93038,0,93038.0,0,0,50,Neutral,0,0,0,Bearish,0,F,0,0,0,0,Low,SELL,0,0
UDPL,UDPL,,2026-02-20,0,0,25902,0,25902.0,0,0,50,Neutral,0,0,0,Bearish,0,F,0,0,0,0,Low,SELL,0,0
UNIC,UNIC,,2026-02-20,0,0,35497,0,35497.0,0,0,50,Neutral,0,0,0,Bearish,0,F,0,0,0,0,Low,SELL,0,0
UNITY,UNITY,,2026-02-20,0,0,431512,0,431512.0,0,0,50,Neutral,0,0,0,Bearish,0,F,0,0,0,0,Low,SELL,0,0
UPFL,UPFL,,2026-02-20,0,0,60,0,60.0,0,0,50,Neutral,0,0,0,Bearish,0,F,0,0,0,0,Low,SELL,0,0
USMT,USMT,,2026-02-20,0,0,0,0,1.0,0,0,50,Neutral,0,0,0,Bearish,0,F,0,0,0,0,Low,SELL,0,0
UVIC,UVIC,,2026-02-20,0,0,47,0,47.0,0,0,50,Neutral,0,0,0,Bearish,0,F,0,0,0,0,Low,SELL,0,0
WAFI,WAFI,,2026-02-20,0,0,26427,0,26427.0,0,0,50,Neutral,0,0,0,Bearish,0,F,0,0,0,0,Low,SELL,0,0
WAHN,WAHN,,2026-02-20,0,0,1101,0,1101.0,0,0,50,Neutral,0,0,0,Bearish,0,F,0,0,0,0,Low,SELL,0,0
WASL,WASL,,2026-02-20,0,0,411063,0,411063.0,0,0,50,Neutral,0,0,0,Bearish,0,F,0,0,0,0,Low,SELL,0,0
WAVES,WAVES,,2026-02-20,0,0,1744480,0,1744480.0,0,0,50,Neutral,0,0,0,Bearish,0,F,0,0,0,0,Low,SELL,0,0
WAVESAPP,WAVESAPP,,2026-02-20,0,0,2985208,0,2985208.0,0,0,50,Neutral,0,0,0,Bearish,0,F,0,0,0,0,Low,SELL,0,0
WTL,WTL,,2026-02-20,0,0,15157784,0,15157784.0,0,0,50,Neutral,0,0,0,Bearish,0,F,0,0,0,0,Low,SELL,0,0
YOUW,YOUW,,2026-02-20,0,0,231878,0,231878.0,0,0,50,Neutral,0,0,0,Bearish,0,F,0,0,0,0,Low,SELL,0,0
ZAHID,ZAHID,,2026-02-20,0,0,4076,0,4076.0,0,0,50,Neutral,0,0,0,Bearish,0,F,0,0,0,0,Low,SELL,0,0
ZAL,ZAL,,2026-02-20,0,0,1494868,0,1494868.0,0,0,50,Neutral,0,0,0,Bearish,0,F,0,0,0,0,Low,SELL,0,0
ZELP,ZELP,,2026-02-20,0,0,0,0,1.0,0,0,50,Neutral,0,0,0,Bearish,0,F,0,0,0,0,Low,SELL,0,0
ZIL,ZIL,,2026-02-20,0,0,8072,0,8072.0,0,0,50,Neutral,0,0,0,Bearish,0,F,0,0,0,0,Low,SELL,0,0
GDL,GDL,,2026-02-20,0,0,0,0,1.0,0,0,50,Neutral,0,0,0,Bearish,0,F,0,0,0,0,Low,SELL,0,0
TSBLR1,TSBLR1,,2026-02-20,0,0,0,0,1.0,0,0,50,Neutral,0,0,0,Bearish,0,F,0,0,0,0,Low,SELL,0,0
BGL,BGL,,2026-02-20,0,0,161696,0,161696.0,0,0,50,Neutral,0,0,0,Bearish,0,F,0,0,0,0,Low,SELL,0,0
BHAT,BHAT,,2026-02-20,0,0,1,0,1.0,0,0,50,Neutral,0,0,0,Bearish,0,F,0,0,0,0,Low,SELL,0,0
BIFO,BIFO,,2026-02-20,0,0,23230,0,23230.0,0,0,50,Neutral,0,0,0,Bearish,0,F,0,0,0,0,Low,SELL,0,0
BIIC,BIIC,,2026-02-20,0,0,0,0,1.0,0,0,50,Neutral,0,0,0,Bearish,0,F,0,0,0,0,Low,SELL,0,0
BIPL,BIPL,,2026-02-20,0,0,913370,0,913370.0,0,0,50,Neutral,0,0,0,Bearish,0,F,0,0,0,0,Low,SELL,0,0
BLUEX,BLUEX,,2026-02-20,0,0,267118,0,267118.0,0,0,50,Neutral,0,0,0,Bearish,0,F,0,0,0,0,Low,SELL,0,0
BML,BML,,2026-02-20,0,0,644360,0,644360.0,0,0,50,Neutral,0,0,0,Bearish,0,F,0,0,0,0,Low,SELL,0,0
BNL,BNL,,2026-02-20,0,0,1505063,0,1505063.0,0,0,50,Neutral,0,0,0,Bearish,0,F,0,0,0,0,Low,SELL,0,0
BNWM,BNWM,,2026-02-20,0,0,7296,0,7296.0,0,0,50,Neutral,0,0,0,Bearish,0,F,0,0,0,0,Low,SELL,0,0
BOK,BOK,,2026-02-20,0,0,8135,0,8135.0,0,0,50,Neutral,0,0,0,Bearish,0,F,0,0,0,0,Low,SELL,0,0
BOP,BOP,,2026-02-20,0,0,12196376,0,12196376.0,0,0,50,Neutral,0,0,0,Bearish,0,F,0,0,0,0,Low,SELL,0,0
BPL,BPL,,2026-02-20,0,0,1,0,1.0,0,0,50,Neutral,0,0,0,Bearish,0,F,0,0,0,0,Low,SELL,0,0
BRRG,BRRG,,2026-02-20,0,0,61163,0,61163.0,0,0,50,Neutral,0,0,0,Bearish,0,F,0,0,0,0,Low,SELL,0,0
BTL,BTL,,2026-02-20,0,0,789,0,789.0,0,0,50,Neutral,0,0,0,Bearish,0,F,0,0,0,0,Low,SELL,0,0
BUXL,BUXL,,2026-02-20,0,0,20049,0,20049.0,0,0,50,Neutral,0,0,0,Bearish,0,F,0,0,0,0,Low,SELL,0,0
BWCL,BWCL,,2026-02-20,0,0,11303,0,11303.0,0,0,50,Neutral,0,0,0,Bearish,0,F,0,0,0,0,Low,SELL,0,0
BWHL,BWHL,,2026-02-20,0,0,15761,0,15761.0,0,0,50,Neutral,0,0,0,Bearish,0,F,0,0,0,0,Low,SELL,0,0
CASH,CASH,,2026-02-20,0,0,5,0,5.0,0,0,50,Neutral,0,0,0,Bearish,0,F,0,0,0,0,Low,SELL,0,0
CCM,CCM,,2026-02-20,0,0,207,0,207.0,0,0,50,Neutral,0,0,0,Bearish,0,F,0,0,0,0,Low,SELL,0,0
CENI,CENI,,2026-02-20,0,0,504,0,504.0,0,0,50,Neutral,0,0,0,Bearish,0,F,0,0,0,0,Low,SELL,0,0
CEPB,CEPB,,2026-02-20,0,0,761209,0,761209.0,0,0,50,Neutral,0,0,0,Bearish,0,F,0,0,0,0,Low,SELL,0,0
CFL,CFL,,2026-02-20,0,0,352,0,352.0,0,0,50,Neutral,0,0,0,Bearish,0,F,0,0,0,0,Low,SELL,0,0
CHAS,CHAS,,2026-02-20,0,0,207826,0,207826.0,0,0,50,Neutral,0,0,0,Bearish,0,F,0,0,0,0,Low,SELL,0,0
CHBL,CHBL,,2026-02-20,0,0,35892,0,35892.0,0,0,50,Neutral,0,0,0,Bearish,0,F,0,0,0,0,Low,SELL,0,0
CHCC,CHCC,,2026-02-20,0,0,388114,0,388114.0,0,0,50,Neutral,0,0,0,Bearish,0,F,0,0,0,0,Low,SELL,0,0
CJPL,CJPL,,2026-02-20,0,0,208635,0,208635.0,0,0,50,Neutral,0,0,0,Bearish,0,F,0,0,0,0,Low,SELL,0,0
CLCPS,CLCPS,,2026-02-20,0,0,137087,0,137087.0,0,0,50,Neutral,0,0,0,Bearish,0,F,0,0,0,0,Low,SELL,0,0
CLOV,CLOV,,2026-02-20,0,0,2202539,0,2202539.0,0,0,50,Neutral,0,0,0,Bearish,0,F,0,0,0,0,Low,SELL,0,0
CLVL,CLVL,,2026-02-20,0,0,14754,0,14754.0,0,0,50,Neutral,0,0,0,Bearish,0,F,0,0,0,0,Low,SELL,0,0
CNERGY,CNERGY,,2026-02-20,0,0,23658009,0,23658009.0,0,0,50,Neutral,0,0,0,Bearish,0,F,0,0,0,0,Low,SELL,0,0
COLG,COLG,,2026-02-20,0,0,8135,0,8135.0,0,0,50,Neutral,0,0,0,Bearish,0,F,0,0,0,0,Low,SELL,0,0
CPHL,CPHL,,2026-02-20,0,0,1219170,0,1219170.0,0,0,50,Neutral,0,0,0,Bearish,0,F,0,0,0,0,Low,SELL,0,0
CPPL,CPPL,,2026-02-20,0,0,30262,0,30262.0,0,0,50,Neutral,0,0,0,Bearish,0,F,0,0,0,0,Low,SELL,0,0
CRTM,CRTM,,2026-02-20,0,0,42044,0,42044.0,0,0,50,Neutral,0,0,0,Bearish,0,F,0,0,0,0,Low,SELL,0,0
CSAP,CSAP,,2026-02-20,0,0,209655,0,209655.0,0,0,50,Neutral,0,0,0,Bearish,0,F,0,0,0,0,Low,SELL,0,0
CSIL,CSIL,,2026-02-20,0,0,922081,0,922081.0,0,0,50,Neutral,0,0,0,Bearish,0,F,0,0,0,0,Low,SELL,0,0
CTM,CTM,,2026-02-20,0,0,115790,0,115790.0,0,0,50,Neutral,0,0,0,Bearish,0,F,0,0,0,0,Low,SELL,0,0
DADX,DADX,,2026-02-20,0,0,5048,0,5048.0,0,0,50,Neutral,0,0,0,Bearish,0,F,0,0,0,0,Low,SELL,0,0
DBCI,DBCI,,2026-02-20,0,0,1817,0,1817.0,0,0,50,Neutral,0,0,0,Bearish,0,F,0,0,0,0,Low,SELL,0,0
DCR,DCR,,2026-02-20,0,0,365932,0,365932.0,0,0,50,Neutral,0,0,0,Bearish,0,F,0,0,0,0,Low,SELL,0,0
DCTL,DCTL,,2026-02-20,0,0,0,0,1.0,0,0,50,Neutral,0,0,0,Bearish,0,F,0,0,0,0,Low,SELL,0,0
DEL,DEL,,2026-02-20,0,0,32182,0,32182.0,0,0,50,Neutral,0,0,0,Bearish,0,F,0,0,0,0,Low,SELL,0,0
DFML,DFML,,2026-02-20,0,0,764952,0,764952.0,0,0,50,Neutral,0,0,0,Bearish,0,F,0,0,0,0,Low,SELL,0,0
DFSM,DFSM,,2026-02-20,0,0,71703,0,71703.0,0,0,50,Neutral,0,0,0,Bearish,0,F,0,0,0,0,Low,SELL,0,0
DGKC,DGKC,,2026-02-20,0,0,523910,0,523910.0,0,0,50,Neutral,0,0,0,Bearish,0,F,0,0,0,0,Low,SELL,0,0
DIIL,DIIL,,2026-02-20,0,0,328,0,328.0,0,0,50,Neutral,0,0,0,Bearish,0,F,0,0,0,0,Low,SELL,0,0
DINT,DINT,,2026-02-20,0,0,621,0,621.0,0,0,50,Neutral,0,0,0,Bearish,0,F,0,0,0,0,Low,SELL,0,0
DKTM,DKTM,,2026-02-20,0,0,2000,0,2000.0,0,0,50,Neutral,0,0,0,Bearish,0,F,0,0,0,0,Low,SELL,0,0
DLL,DLL,,2026-02-20,0,0,1089,0,1089.0,0,0,50,Neutral,0,0,0,Bearish,0,F,0,0,0,0,Low,SELL,0,0
DMC,DMC,,2026-02-20,0,0,304,0,304.0,0,0,50,Neutral,0,0,0,Bearish,0,F,0,0,0,0,Low,SELL,0,0
LOADSR1,LOADSR1,,2026-02-20,0,0,10136401,0,10136401.0,0,0,50,Neutral,0,0,0,Bearish,0,F,0,0,0,0,Low,SELL,0,0
CSILR3,CSILR3,,2026-02-20,0,0,8928561,0,8928561.0,0,0,50,Neutral,0,0,0,Bearish,0,F,0,0,0,0,Low,SELL,0,0
786,786,,2026-02-20,0,0,1605346,0,1605346.0,0,0,50,Neutral,0,0,0,Bearish,0,F,0,0,0,0,Low,SELL,0,0
786R,786R,,2026-02-20,0,0,198112,0,198112.0,0,0,50,Neutral,0,0,0,Bearish,0,F,0,0,0,0,Low,SELL,0,0
AABS,AABS,,2026-02-20,0,0,337,0,337.0,0,0,50,Neutral,0,0,0,Bearish,0,F,0,0,0,0,Low,SELL,0,0
AAL,AAL,,2026-02-20,0,0,0,0,1.0,0,0,50,Neutral,0,0,0,Bearish,0,F,0,0,0,0,Low,SELL,0,0
AASM,AASM,,2026-02-20,0,0,14500,0,14500.0,0,0,50,Neutral,0,0,0,Bearish,0,F,0,0,0,0,Low,SELL,0,0
AATM,AATM,,2026-02-20,0,0,204,0,204.0,0,0,50,Neutral,0,0,0,Bearish,0,F,0,0,0,0,Low,SELL,0,0
ABL,ABL,,2026-02-20,0,0,22710,0,22710.0,0,0,50,Neutral,0,0,0,Bearish,0,F,0,0,0,0,Low,SELL,0,0
ABOT,ABOT,,2026-02-20,0,0,1985,0,1985.0,0,0,50,Neutral,0,0,0,Bearish,0,F,0,0,0,0,Low,SELL,0,0
ABSON,ABSON,,2026-02-20,0,0,0,0,1.0,0,0,50,Neutral,0,0,0,Bearish,0,F,0,0,0,0,Low,SELL,0,0
ACIETF,ACIETF,,2026-02-20,0,0,7000,0,7000.0,0,0,50,Neutral,0,0,0,Bearish,0,F,0,0,0,0,Low,SELL,0,0
ACPL,ACPL,,2026-02-20,0,0,133014,0,133014.0,0,0,50,Neutral,0,0,0,Bearish,0,F,0,0,0,0,Low,SELL,0,0
ADAMS,ADAMS,,2026-02-20,0,0,21,0,21.0,0,0,50,Neutral,0,0,0,Bearish,0,F,0,0,0,0,Low,SELL,0,0
ADMM,ADMM,,2026-02-20,0,0,43618,0,43618.0,0,0,50,Neutral,0,0,0,Bearish,0,F,0,0,0,0,Low,SELL,0,0
AGHA,AGHA,,2026-02-20,0,0,2938817,0,2938817.0,0,0,50,Neutral,0,0,0,Bearish,0,F,0,0,0,0,Low,SELL,0,0
AGIC,AGIC,,2026-02-20,0,0,10497,0,10497.0,0,0,50,Neutral,0,0,0,Bearish,0,F,0,0,0,0,Low,SELL,0,0
AGICR2,AGICR2,,2026-02-20,0,0,350180,0,350180.0,0,0,50,Neutral,0,0,0,Bearish,0,F,0,0,0,0,Low,SELL,0,0
AGIL,AGIL,,2026-02-20,0,0,207056,0,207056.0,0,0,50,Neutral,0,0,0,Bearish,0,F,0,0,0,0,Low,SELL,0,0
AGL,AGL,,2026-02-20,0,0,258208,0,258208.0,0,0,50,Neutral,0,0,0,Bearish,0,F,0,0,0,0,Low,SELL,0,0
AGLNCPS,AGLNCPS,,2026-02-20,0,0,120,0,120.0,0,0,50,Neutral,0,0,0,Bearish,0,F,0,0,0,0,Low,SELL,0,0
AGSML,AGSML,,2026-02-20,0,0,81312,0,81312.0,0,0,50,Neutral,0,0,0,Bearish,0,F,0,0,0,0,Low,SELL,0,0
AGTL,AGTL,,2026-02-20,0,0,20014,0,20014.0,0,0,50,Neutral,0,0,0,Bearish,0,F,0,0,0,0,Low,SELL,0,0
AHCL,AHCL,,2026-02-20,0,0,2787810,0,2787810.0,0,0,50,Neutral,0,0,0,Bearish,0,F,0,0,0,0,Low,SELL,0,0
AHL,AHL,,2026-02-20,0,0,29281,0,29281.0,0,0,50,Neutral,0,0,0,Bearish,0,F,0,0,0,0,Low,SELL,0,0
AHTM,AHTM,,2026-02-20,0,0,16,0,16.0,0,0,50,Neutral,0,0,0,Bearish,0,F,0,0,0,0,Low,SELL,0,0
AICL,AICL,,2026-02-20,0,0,2143351,0,2143351.0,0,0,50,Neutral,0,0,0,Bearish,0,F,0,0,0,0,Low,SELL,0,0
AIRLINK,AIRLINK,,2026-02-20,0,0,141399,0,141399.0,0,0,50,Neutral,0,0,0,Bearish,0,F,0,0,0,0,Low,SELL,0,0
AKBL,AKBL,,2026-02-20,0,0,1987362,0,1987362.0,0,0,50,Neutral,0,0,0,Bearish,0,F,0,0,0,0,Low,SELL,0,0
AKDHL,AKDHL,,2026-02-20,0,0,33,0,33.0,0,0,50,Neutral,0,0,0,Bearish,0,F,0,0,0,0,Low,SELL,0,0
AKDSL,AKDSL,,2026-02-20,0,0,1559731,0,1559731.0,0,0,50,Neutral,0,0,0,Bearish,0,F,0,0,0,0,Low,SELL,0,0
DBSL,DBSL,,2026-02-20,0,0,0,0,1.0,0,0,50,Neutral,0,0,0,Bearish,0,F,0,0,0,0,Low,SELL,0,0
FHAM,FHAM,,2026-02-20,0,0,4627,0,4627.0,0,0,50,Neutral,0,0,0,Bearish,0,F,0,0,0,0,Low,SELL,0,0
FML,FML,,2026-02-20,0,0,63246,0,63246.0,0,0,50,Neutral,0,0,0,Bearish,0,F,0,0,0,0,Low,SELL,0,0
IREIT,IREIT,,2026-02-20,0,0,249763,0,249763.0,0,0,50,Neutral,0,0,0,Bearish,0,F,0,0,0,0,Low,SELL,0,0
NSRM,NSRM,,2026-02-20,0,0,103,0,103.0,0,0,50,Neutral,0,0,0,Bearish,0,F,0,0,0,0,Low,SELL,0,0
OBOY,OBOY,,2026-02-20,0,0,1072990,0,1072990.0,0,0,50,Neutral,0,0,0,Bearish,0,F,0,0,0,0,Low,SELL,0,0
OCTOPUS,OCTOPUS,,2026-02-20,0,0,134697,0,134697.0,0,0,50,Neutral,0,0,0,Bearish,0,F,0,0,0,0,Low,SELL,0,0
OGDC,OGDC,Technology,2026-02-20,0,0,752308,0,752308.0,0,0,50,Neutral,0,0,0,Bearish,0,F,0,0,0,0,Low,SELL,0,0
OLPL,OLPL,,2026-02-20,0,0,41227,0,41227.0,0,0,50,Neutral,0,0,0,Bearish,0,F,0,0,0,0,Low,SELL,0,0
OLPM,OLPM,,2026-02-20,0,0,37903,0,37903.0,0,0,50,Neutral,0,0,0,Bearish,0,F,0,0,0,0,Low,SELL,0,0
PABC,PABC,,2026-02-20,0,0,106822,0,106822.0,0,0,50,Neutral,0,0,0,Bearish,0,F,0,0,0,0,Low,SELL,0,0
PACE,PACE,,2026-02-20,0,0,5528089,0,5528089.0,0,0,50,Neutral,0,0,0,Bearish,0,F,0,0,0,0,Low,SELL,0,0
PAKQATAR,PAKQATAR,,2026-02-20,0,0,270732,0,270732.0,0,0,50,Neutral,0,0,0,Bearish,0,F,0,0,0,0,Low,SELL,0,0
PAKRI,PAKRI,,2026-02-20,0,0,172770,0,172770.0,0,0,50,Neutral,0,0,0,Bearish,0,F,0,0,0,0,Low,SELL,0,0
PAKT,PAKT,,2026-02-20,0,0,7377,0,7377.0,0,0,50,Neutral,0,0,0,Bearish,0,F,0,0,0,0,Low,SELL,0,0
PCAL,PCAL,,2026-02-20,0,0,2078,0,2078.0,0,0,50,Neutral,0,0,0,Bearish,0,F,0,0,0,0,Low,SELL,0,0
PECO,PECO,,2026-02-20,0,0,165,0,165.0,0,0,50,Neutral,0,0,0,Bearish,0,F,0,0,0,0,Low,SELL,0,0
PGLC,PGLC,,2026-02-20,0,0,2695,0,2695.0,0,0,50,Neutral,0,0,0,Bearish,0,F,0,0,0,0,Low,SELL,0,0
RICL,RICL,,2026-02-20,0,0,2694,0,2694.0,0,0,50,Neutral,0,0,0,Bearish,0,F,0,0,0,0,Low,SELL,0,0
RMPL,RMPL,,2026-02-20,0,0,38,0,38.0,0,0,50,Neutral,0,0,0,Bearish,0,F,0,0,0,0,Low,SELL,0,0
RUBY,RUBY,,2026-02-20,0,0,8410,0,8410.0,0,0,50,Neutral,0,0,0,Bearish,0,F,0,0,0,0,Low,SELL,0,0
RUPL,RUPL,,2026-02-20,0,0,34,0,34.0,0,0,50,Neutral,0,0,0,Bearish,0,F,0,0,0,0,Low,SELL,0,0
SAIF,SAIF,,2026-02-20,0,0,22827,0,22827.0,0,0,50,Neutral,0,0,0,Bearish,0,F,0,0,0,0,Low,SELL,0,0
THALL,THALL,,2026-02-20,0,0,341316,0,341316.0,0,0,50,Neutral,0,0,0,Bearish,0,F,0,0,0,0,Low,SELL,0,0
LSECLR,LSECLR,,2026-02-20,0,0,8171625,0,8171625.0,0,0,50,Neutral,0,0,0,Bearish,0,F,0,0,0,0,Low,SELL,0,0
PHDL,PHDL,,2026-02-20,0,0,592568,0,592568.0,0,0,50,Neutral,0,0,0,Bearish,0,F,0,0,0,0,Low,SELL,0,0
PIAHCLA,PIAHCLA,,2026-02-20,0,0,1959434,0,1959434.0,0,0,50,Neutral,0,0,0,Bearish,0,F,0,0,0,0,Low,SELL,0,0
PIAHCLB,PIAHCLB,,2026-02-20,0,0,6,0,6.0,0,0,50,Neutral,0,0,0,Bearish,0,F,0,0,0,0,Low,SELL,0,0
PIBTL,PIBTL,,2026-02-20,0,0,14756875,0,14756875.0,0,0,50,Neutral,0,0,0,Bearish,0,F,0,0,0,0,Low,SELL,0,0
PICL,PICL,,2026-02-20,0,0,0,0,1.0,0,0,50,Neutral,0,0,0,Bearish,0,F,0,0,0,0,Low,SELL,0,0
PICT,PICT,,2026-02-20,0,0,34323,0,34323.0,0,0,50,Neutral,0,0,0,Bearish,0,F,0,0,0,0,Low,SELL,0,0
PIL,PIL,,2026-02-20,0,0,913,0,913.0,0,0,50,Neutral,0,0,0,Bearish,0,F,0,0,0,0,Low,SELL,0,0
PIM,PIM,,2026-02-20,0,0,584,0,584.0,0,0,50,Neutral,0,0,0,Bearish,0,F,0,0,0,0,Low,SELL,0,0
PINL,PINL,,2026-02-20,0,0,69030,0,69030.0,0,0,50,Neutral,0,0,0,Bearish,0,F,0,0,0,0,Low,SELL,0,0
PIOC,PIOC,,2026-02-20,0,0,872388,0,872388.0,0,0,50,Neutral,0,0,0,Bearish,0,F,0,0,0,0,Low,SELL,0,0
PKGI,PKGI,,2026-02-20,0,0,291802,0,291802.0,0,0,50,Neutral,0,0,0,Bearish,0,F,0,0,0,0,Low,SELL,0,0
PKGP,PKGP,,2026-02-20,0,0,3157,0,3157.0,0,0,50,Neutral,0,0,0,Bearish,0,F,0,0,0,0,Low,SELL,0,0
PKGS,PKGS,,2026-02-20,0,0,155,0,155.0,0,0,50,Neutral,0,0,0,Bearish,0,F,0,0,0,0,Low,SELL,0,0
PMRS,PMRS,,2026-02-20,0,0,2,0,2.0,0,0,50,Neutral,0,0,0,Bearish,0,F,0,0,0,0,Low,SELL,0,0
PNSC,PNSC,,2026-02-20,0,0,12626,0,12626.0,0,0,50,Neutral,0,0,0,Bearish,0,F,0,0,0,0,Low,SELL,0,0
POL,POL,,2026-02-20,0,0,195427,0,195427.0,0,0,50,Neutral,0,0,0,Bearish,0,F,0,0,0,0,Low,SELL,0,0
POML,POML,,2026-02-20,0,0,22810,0,22810.0,0,0,50,Neutral,0,0,0,Bearish,0,F,0,0,0,0,Low,SELL,0,0
POWER,POWER,,2026-02-20,0,0,720582,0,720582.0,0,0,50,Neutral,0,0,0,Bearish,0,F,0,0,0,0,Low,SELL,0,0
POWERPS,POWERPS,,2026-02-20,0,0,528,0,528.0,0,0,50,Neutral,0,0,0,Bearish,0,F,0,0,0,0,Low,SELL,0,0
PPL,PPL,,2026-02-20,0,0,2681805,0,2681805.0,0,0,50,Neutral,0,0,0,Bearish,0,F,0,0,0,0,Low,SELL,0,0
PPP,PPP,,2026-02-20,0,0,2433,0,2433.0,0,0,50,Neutral,0,0,0,Bearish,0,F,0,0,0,0,Low,SELL,0,0
PPVC,PPVC,,2026-02-20,0,0,100,0,100.0,0,0,50,Neutral,0,0,0,Bearish,0,F,0,0,0,0,Low,SELL,0,0
PQGTL,PQGTL,,2026-02-20,0,0,12101732,0,12101732.0,0,0,50,Neutral,0,0,0,Bearish,0,F,0,0,0,0,Low,SELL,0,0
PREMA,PREMA,,2026-02-20,0,0,871748,0,871748.0,0,0,50,Neutral,0,0,0,Bearish,0,F,0,0,0,0,Low,SELL,0,0
PRET,PRET,,2026-02-20,0,0,246,0,246.0,0,0,50,Neutral,0,0,0,Bearish,0,F,0,0,0,0,Low,SELL,0,0
PRIB,PRIB,,2026-02-20,0,0,0,0,1.0,0,0,50,Neutral,0,0,0,Bearish,0,F,0,0,0,0,Low,SELL,0,0
PRIC,PRIC,,2026-02-20,0,0,0,0,1.0,0,0,50,Neutral,0,0,0,Bearish,0,F,0,0,0,0,Low,SELL,0,0
PRL,PRL,,2026-02-20,0,0,6424678,0,6424678.0,0,0,50,Neutral,0,0,0,Bearish,0,F,0,0,0,0,Low,SELL,0,0
PRWM,PRWM,,2026-02-20,0,0,784,0,784.0,0,0,50,Neutral,0,0,0,Bearish,0,F,0,0,0,0,Low,SELL,0,0
PSEL,PSEL,,2026-02-20,0,0,99,0,99.0,0,0,50,Neutral,0,0,0,Bearish,0,F,0,0,0,0,Low,SELL,0,0
PSO,PSO,,2026-02-20,0,0,446808,0,446808.0,0,0,50,Neutral,0,0,0,Bearish,0,F,0,0,0,0,Low,SELL,0,0
PSX,PSX,,2026-02-20,0,0,3504298,0,3504298.0,0,0,50,Neutral,0,0,0,Bearish,0,F,0,0,0,0,Low,SELL,0,0
PSYL,PSYL,,2026-02-20,0,0,3959,0,3959.0,0,0,50,Neutral,0,0,0,Bearish,0,F,0,0,0,0,Low,SELL,0,0
PTC,PTC,,2026-02-20,0,0,25470990,0,25470990.0,0,0,50,Neutral,0,0,0,Bearish,0,F,0,0,0,0,Low,SELL,0,0
PTL,PTL,,2026-02-20,0,0,12238,0,12238.0,0,0,50,Neutral,0,0,0,Bearish,0,F,0,0,0,0,Low,SELL,0,0
PUDF,PUDF,,2026-02-20,0,0,0,0,1.0,0,0,50,Neutral,0,0,0,Bearish,0,F,0,0,0,0,Low,SELL,0,0
QTECH,QTECH,,2026-02-20,0,0,134589,0,134589.0,0,0,50,Neutral,0,0,0,Bearish,0,F,0,0,0,0,Low,SELL,0,0
QUET,QUET,,2026-02-20,0,0,44570,0,44570.0,0,0,50,Neutral,0,0,0,Bearish,0,F,0,0,0,0,Low,SELL,0,0
RPL,RPL,,2026-02-20,0,0,235895,0,235895.0,0,0,50,Neutral,0,0,0,Bearish,0,F,0,0,0,0,Low,SELL,0,0
ZTL,ZTL,,2026-02-20,0,0,1,0,1.0,0,0,50,Neutral,0,0,0,Bearish,0,F,0,0,0,0,Low,SELL,0,0
ZUMA,ZUMA,,2026-02-20,0,0,248773,0,248773.0,0,0,50,Neutral,0,0,0,Bearish,0,F,0,0,0,0,Low,SELL,0,0
TEST_AUTO_REG_99,TEST_AUTO_REG_99,,2026-02-20,0,0,0,0,1.0,0,0,50,Neutral,0,0,0,Bearish,0,F,0,0,0,0,Low,SELL,0,0
PSMC,PSMC,,2026-02-20,0,0,292769,0,292769.0,0,0,50,Neutral,0,0,0,Bearish,0,F,0,0,0,0,Low,SELL,0,0
BYCO,BYCO,,2026-02-20,0,0,13936500,0,13936500.0,0,0,50,Neutral,0,0,0,Bearish,0,F,0,0,0,0,Low,SELL,0,0
SHEL,SHEL,,2026-02-20,0,0,37395,0,37395.0,0,0,50,Neutral,0,0,0,Bearish,0,F,0,0,0,0,Low,SELL,0,0
ENGRO,ENGRO,Technology,2026-02-20,0,0,4496408,0,4496408.0,0,0,50,Neutral,0,0,0,Bearish,0,F,0,0,0,0,Low,SELL,0,0
SDOT,SDOT,,2026-02-20,0,0,0,0,1.0,0,0,50,Neutral,0,0,0,Bearish,0,F,0,0,0,0,Low,SELL,0,0
SEARL,SEARL,,2026-02-20,0,0,636291,0,636291.0,0,0,50,Neutral,0,0,0,Bearish,0,F,0,0,0,0,Low,SELL,0,0
SEL,SEL,,2026-02-20,0,0,10501,0,10501.0,0,0,50,Neutral,0,0,0,Bearish,0,F,0,0,0,0,Low,SELL,0,0
SEPL,SEPL,,2026-02-20,0,0,2696,0,2696.0,0,0,50,Neutral,0,0,0,Bearish,0,F,0,0,0,0,Low,SELL,0,0
SERT,SERT,,2026-02-20,0,0,1912,0,1912.0,0,0,50,Neutral,0,0,0,Bearish,0,F,0,0,0,0,Low,SELL,0,0
SFAT,SFAT,,2026-02-20,0,0,2500,0,2500.0,0,0,50,Neutral,0,0,0,Bearish,0,F,0,0,0,0,Low,SELL,0,0
SFL,SFL,,2026-02-20,0,0,24,0,24.0,0,0,50,Neutral,0,0,0,Bearish,0,F,0,0,0,0,Low,SELL,0,0
SGABL,SGABL,,2026-02-20,0,0,0,0,1.0,0,0,50,Neutral,0,0,0,Bearish,0,F,0,0,0,0,Low,SELL,0,0
SGF,SGF,,2026-02-20,0,0,125055,0,125055.0,0,0,50,Neutral,0,0,0,Bearish,0,F,0,0,0,0,Low,SELL,0,0
SGPL,SGPL,,2026-02-20,0,0,454211,0,454211.0,0,0,50,Neutral,0,0,0,Bearish,0,F,0,0,0,0,Low,SELL,0,0
SHCI,SHCI,,2026-02-20,0,0,8000,0,8000.0,0,0,50,Neutral,0,0,0,Bearish,0,F,0,0,0,0,Low,SELL,0,0
SHCM,SHCM,,2026-02-20,0,0,2,0,2.0,0,0,50,Neutral,0,0,0,Bearish,0,F,0,0,0,0,Low,SELL,0,0
SHDT,SHDT,,2026-02-20,0,0,48948,0,48948.0,0,0,50,Neutral,0,0,0,Bearish,0,F,0,0,0,0,Low,SELL,0,0
SHEZ,SHEZ,,2026-02-20,0,0,389,0,389.0,0,0,50,Neutral,0,0,0,Bearish,0,F,0,0,0,0,Low,SELL,0,0
SHFA,SHFA,,2026-02-20,0,0,6001,0,6001.0,0,0,50,Neutral,0,0,0,Bearish,0,F,0,0,0,0,Low,SELL,0,0
SHJS,SHJS,,2026-02-20,0,0,28,0,28.0,0,0,50,Neutral,0,0,0,Bearish,0,F,0,0,0,0,Low,SELL,0,0
SHNI,SHNI,,2026-02-20,0,0,25000,0,25000.0,0,0,50,Neutral,0,0,0,Bearish,0,F,0,0,0,0,Low,SELL,0,0
SHSML,SHSML,,2026-02-20,0,0,453,0,453.0,0,0,50,Neutral,0,0,0,Bearish,0,F,0,0,0,0,Low,SELL,0,0
SIBL,SIBL,,2026-02-20,0,0,21,0,21.0,0,0,50,Neutral,0,0,0,Bearish,0,F,0,0,0,0,Low,SELL,0,0
SIEM,SIEM,,2026-02-20,0,0,112,0,112.0,0,0,50,Neutral,0,0,0,Bearish,0,F,0,0,0,0,Low,SELL,0,0
SINDM,SINDM,,2026-02-20,0,0,18160,0,18160.0,0,0,50,Neutral,0,0,0,Bearish,0,F,0,0,0,0,Low,SELL,0,0
SITC,SITC,,2026-02-20,0,0,5425,0,5425.0,0,0,50,Neutral,0,0,0,Bearish,0,F,0,0,0,0,Low,SELL,0,0
SKRS,SKRS,,2026-02-20,0,0,16354,0,16354.0,0,0,50,Neutral,0,0,0,Bearish,0,F,0,0,0,0,Low,SELL,0,0
SLCL,SLCL,,2026-02-20,0,0,37500,0,37500.0,0,0,50,Neutral,0,0,0,Bearish,0,F,0,0,0,0,Low,SELL,0,0
SLCPA,SLCPA,,2026-02-20,0,0,0,0,1.0,0,0,50,Neutral,0,0,0,Bearish,0,F,0,0,0,0,Low,SELL,0,0
SLGL,SLGL,,2026-02-20,0,0,6807819,0,6807819.0,0,0,50,Neutral,0,0,0,Bearish,0,F,0,0,0,0,Low,SELL,0,0
SLL,SLL,,2026-02-20,0,0,232928,0,232928.0,0,0,50,Neutral,0,0,0,Bearish,0,F,0,0,0,0,Low,SELL,0,0
SLYT,SLYT,,2026-02-20,0,0,762,0,762.0,0,0,50,Neutral,0,0,0,Bearish,0,F,0,0,0,0,Low,SELL,0,0
SMCPL,SMCPL,,2026-02-20,0,0,19460,0,19460.0,0,0,50,Neutral,0,0,0,Bearish,0,F,0,0,0,0,Low,SELL,0,0
SML,SML,,2026-02-20,0,0,346,0,346.0,0,0,50,Neutral,0,0,0,Bearish,0,F,0,0,0,0,Low,SELL,0,0
SNAI,SNAI,,2026-02-20,0,0,365,0,365.0,0,0,50,Neutral,0,0,0,Bearish,0,F,0,0,0,0,Low,SELL,0,0
SNBL,SNBL,,2026-02-20,0,0,778484,0,778484.0,0,0,50,Neutral,0,0,0,Bearish,0,F,0,0,0,0,Low,SELL,0,0
SNGP,SNGP,,2026-02-20,0,0,11385575,0,11385575.0,0,0,50,Neutral,0,0,0,Bearish,0,F,0,0,0,0,Low,SELL,0,0
SPCL,SPCL,,2026-02-20,0,0,143500,0,143500.0,0,0,50,Neutral,0,0,0,Bearish,0,F,0,0,0,0,Low,SELL,0,0
SPEL,SPEL,,2026-02-20,0,0,875898,0,875898.0,0,0,50,Neutral,0,0,0,Bearish,0,F,0,0,0,0,Low,SELL,0,0
SPL,SPL,,2026-02-20,0,0,9432,0,9432.0,0,0,50,Neutral,0,0,0,Bearish,0,F,0,0,0,0,Low,SELL,0,0
SPWL,SPWL,,2026-02-20,0,0,347658,0,347658.0,0,0,50,Neutral,0,0,0,Bearish,0,F,0,0,0,0,Low,SELL,0,0
SRR,SRR,,2026-02-20,0,0,85606,0,85606.0,0,0,50,Neutral,0,0,0,Bearish,0,F,0,0,0,0,Low,SELL,0,0
SRVI,SRVI,,2026-02-20,0,0,1505,0,1505.0,0,0,50,Neutral,0,0,0,Bearish,0,F,0,0,0,0,Low,SELL,0,0
SSGC,SSGC,,2026-02-20,0,0,9669225,0,9669225.0,0,0,50,Neutral,0,0,0,Bearish,0,F,0,0,0,0,Low,SELL,0,0
SSIC,SSIC,,2026-02-20,0,0,0,0,1.0,0,0,50,Neutral,0,0,0,Bearish,0,F,0,0,0,0,Low,SELL,0,0
SSML,SSML,,2026-02-20,0,0,1,0,1.0,0,0,50,Neutral,0,0,0,Bearish,0,F,0,0,0,0,Low,SELL,0,0
SSOM,SSOM,,2026-02-20,0,0,8077,0,8077.0,0,0,50,Neutral,0,0,0,Bearish,0,F,0,0,0,0,Low,SELL,0,0
STCL,STCL,,2026-02-20,0,0,565059,0,565059.0,0,0,50,Neutral,0,0,0,Bearish,0,F,0,0,0,0,Low,SELL,0,0
STJT,STJT,,2026-02-20,0,0,11,0,11.0,0,0,50,Neutral,0,0,0,Bearish,0,F,0,0,0,0,Low,SELL,0,0
STL,STL,,2026-02-20,0,0,58,0,58.0,0,0,50,Neutral,0,0,0,Bearish,0,F,0,0,0,0,Low,SELL,0,0
STML,STML,,2026-02-20,0,0,5878,0,5878.0,0,0,50,Neutral,0,0,0,Bearish,0,F,0,0,0,0,Low,SELL,0,0
STPL,STPL,,2026-02-20,0,0,300106,0,300106.0,0,0,50,Neutral,0,0,0,Bearish,0,F,0,0,0,0,Low,SELL,0,0
STYLERS,STYLERS,,2026-02-20,0,0,21262,0,21262.0,0,0,50,Neutral,0,0,0,Bearish,0,F,0,0,0,0,Low,SELL,0,0
SUHJ,SUHJ,,2026-02-20,0,0,1,0,1.0,0,0,50,Neutral,0,0,0,Bearish,0,F,0,0,0,0,Low,SELL,0,0
