Date,Time,Symbol,Company,Severity,Current_Price,Change_%,RSI,Volume_Ratio,Risk_Flags,Action_Required
2026-02-17,16:59,786,786,High,0,0,50,33244.0,Abnormal volume spike (3x avg),Review immediately
2026-02-17,16:59,786R,786R,High,0,0,50,198112.0,Abnormal volume spike (3x avg),Review immediately
2026-02-17,16:59,AABS,AABS,High,0,0,50,61.0,Abnormal volume spike (3x avg),Review immediately
2026-02-17,16:59,AASM,AASM,High,0,0,50,14500.0,Abnormal volume spike (3x avg),Review immediately
2026-02-17,16:59,AATM,AATM,High,0,0,50,1168.0,Abnormal volume spike (3x avg),Review immediately
2026-02-17,16:59,ABL,ABL,High,0,0,50,55241.0,Abnormal volume spike (3x avg),Review immediately
2026-02-17,16:59,ABOT,ABOT,High,0,0,50,1768.0,Abnormal volume spike (3x avg),Review immediately
2026-02-17,16:59,ACIETF,ACIETF,High,0,0,50,8000.0,Abnormal volume spike (3x avg),Review immediately
2026-02-17,16:59,ACPL,ACPL,High,0,0,50,174112.0,Abnormal volume spike (3x avg),Review immediately
2026-02-17,16:59,ADAMS,ADAMS,High,0,0,50,730.0,Abnormal volume spike (3x avg),Review immediately
2026-02-17,16:59,ADMM,ADMM,High,0,0,50,153597.0,Abnormal volume spike (3x avg),Review immediately
2026-02-17,16:59,AGHA,AGHA,High,0,0,50,2509086.0,Abnormal volume spike (3x avg),Review immediately
2026-02-17,16:59,AGIC,AGIC,High,0,0,50,3074.0,Abnormal volume spike (3x avg),Review immediately
2026-02-17,16:59,AGICR2,AGICR2,High,0,0,50,350180.0,Abnormal volume spike (3x avg),Review immediately
2026-02-17,16:59,AGIL,AGIL,High,0,0,50,34130.0,Abnormal volume spike (3x avg),Review immediately
2026-02-17,16:59,AGL,AGL,High,0,0,50,348365.0,Abnormal volume spike (3x avg),Review immediately
2026-02-17,16:59,AGLNCPS,AGLNCPS,High,0,0,50,406.0,Abnormal volume spike (3x avg),Review immediately
2026-02-17,16:59,AGP,AGP,High,0,0,50,68181.0,Abnormal volume spike (3x avg),Review immediately
2026-02-17,16:59,AGSML,AGSML,High,0,0,50,140278.0,Abnormal volume spike (3x avg),Review immediately
2026-02-17,16:59,AGTL,AGTL,High,0,0,50,34011.0,Abnormal volume spike (3x avg),Review immediately
2026-02-17,16:59,AHCL,AHCL,High,0,0,50,1470094.0,Abnormal volume spike (3x avg),Review immediately
2026-02-17,16:59,AHL,AHL,High,0,0,50,102015.0,Abnormal volume spike (3x avg),Review immediately
2026-02-17,16:59,AICL,AICL,High,0,0,50,220692.0,Abnormal volume spike (3x avg),Review immediately
2026-02-17,16:59,AIRLINK,AIRLINK,High,0,0,50,1102539.0,Abnormal volume spike (3x avg),Review immediately
2026-02-17,16:59,AKBL,AKBL,High,0,0,50,1133659.0,Abnormal volume spike (3x avg),Review immediately
2026-02-17,16:59,AKDHL,AKDHL,High,0,0,50,1044.0,Abnormal volume spike (3x avg),Review immediately
2026-02-17,16:59,AKDSL,AKDSL,High,0,0,50,1022840.0,Abnormal volume spike (3x avg),Review immediately
2026-02-17,16:59,AKGL,AKGL,High,0,0,50,1314.0,Abnormal volume spike (3x avg),Review immediately
2026-02-17,16:59,ALAC,ALAC,High,0,0,50,85683.0,Abnormal volume spike (3x avg),Review immediately
2026-02-17,16:59,ALIFE,ALIFE,High,0,0,50,2799.0,Abnormal volume spike (3x avg),Review immediately
2026-02-17,16:59,ALNRS,ALNRS,High,0,0,50,7725.0,Abnormal volume spike (3x avg),Review immediately
2026-02-17,16:59,ALTN,ALTN,High,0,0,50,295907.0,Abnormal volume spike (3x avg),Review immediately
2026-02-17,16:59,AMBL,AMBL,High,0,0,50,21095.0,Abnormal volume spike (3x avg),Review immediately
2026-02-17,16:59,AMTEX,AMTEX,High,0,0,50,172454.0,Abnormal volume spike (3x avg),Review immediately
2026-02-17,16:59,ANL,ANL,High,0,0,50,485118.0,Abnormal volume spike (3x avg),Review immediately
2026-02-17,16:59,ANSM,ANSM,High,0,0,50,15857.0,Abnormal volume spike (3x avg),Review immediately
2026-02-17,16:59,ANTM,ANTM,High,0,0,50,120.0,Abnormal volume spike (3x avg),Review immediately
2026-02-17,16:59,APL,APL,High,0,0,50,33855.0,Abnormal volume spike (3x avg),Review immediately
2026-02-17,16:59,ARCTM,ARCTM,High,0,0,50,1436.0,Abnormal volume spike (3x avg),Review immediately
2026-02-17,16:59,ARPAK,ARPAK,High,0,0,50,30.0,Abnormal volume spike (3x avg),Review immediately
2026-02-17,16:59,ARPL,ARPL,High,0,0,50,41871.0,Abnormal volume spike (3x avg),Review immediately
2026-02-17,16:59,ARUJ,ARUJ,High,0,0,50,24012.0,Abnormal volume spike (3x avg),Review immediately
2026-02-17,16:59,ASC,ASC,High,0,0,50,257566.0,Abnormal volume spike (3x avg),Review immediately
2026-02-17,16:59,ASHT,ASHT,High,0,0,50,1675.0,Abnormal volume spike (3x avg),Review immediately
2026-02-17,16:59,ASIC,ASIC,High,0,0,50,100.0,Abnormal volume spike (3x avg),Review immediately
2026-02-17,16:59,ASL,ASL,High,0,0,50,1718550.0,Abnormal volume spike (3x avg),Review immediately
2026-02-17,16:59,ASLCPS,ASLCPS,High,0,0,50,131.0,Abnormal volume spike (3x avg),Review immediately
2026-02-17,16:59,ASLPS,ASLPS,High,0,0,50,5.0,Abnormal volume spike (3x avg),Review immediately
2026-02-17,16:59,ASTL,ASTL,High,0,0,50,808339.0,Abnormal volume spike (3x avg),Review immediately
2026-02-17,16:59,ASTM,ASTM,High,0,0,50,12291.0,Abnormal volume spike (3x avg),Review immediately
2026-02-17,16:59,ATBA,ATBA,High,0,0,50,12453.0,Abnormal volume spike (3x avg),Review immediately
2026-02-17,16:59,ATIL,ATIL,High,0,0,50,2339.0,Abnormal volume spike (3x avg),Review immediately
2026-02-17,16:59,ATLH,ATLH,High,0,0,50,3887.0,Abnormal volume spike (3x avg),Review immediately
2026-02-17,16:59,ATRL,ATRL,High,0,0,50,832831.0,Abnormal volume spike (3x avg),Review immediately
2026-02-17,16:59,AVN,AVN,High,0,0,50,2621587.0,Abnormal volume spike (3x avg),Review immediately
2026-02-17,16:59,AWTX,AWTX,High,0,0,50,11.0,Abnormal volume spike (3x avg),Review immediately
2026-02-17,16:59,BAFL,BAFL,High,0,0,50,3259074.0,Abnormal volume spike (3x avg),Review immediately
2026-02-17,16:59,BAFS,BAFS,High,0,0,50,237.0,Abnormal volume spike (3x avg),Review immediately
2026-02-17,16:59,BAHL,BAHL,High,0,0,50,765202.0,Abnormal volume spike (3x avg),Review immediately
2026-02-17,16:59,BAPL,BAPL,High,0,0,50,14367.0,Abnormal volume spike (3x avg),Review immediately
2026-02-17,16:59,BATA,BATA,High,0,0,50,8452.0,Abnormal volume spike (3x avg),Review immediately
2026-02-17,16:59,BBFL,BBFL,High,0,0,50,623374.0,Abnormal volume spike (3x avg),Review immediately
2026-02-17,16:59,BCL,BCL,High,0,0,50,16233.0,Abnormal volume spike (3x avg),Review immediately
2026-02-17,16:59,BECO,BECO,High,0,0,50,6472792.0,Abnormal volume spike (3x avg),Review immediately
2026-02-17,16:59,BELA,BELA,High,0,0,50,2707.0,Abnormal volume spike (3x avg),Review immediately
2026-02-17,16:59,BERG,BERG,High,0,0,50,1356097.0,Abnormal volume spike (3x avg),Review immediately
2026-02-17,16:59,BFAGRO,BFAGRO,High,0,0,50,198756.0,Abnormal volume spike (3x avg),Review immediately
2026-02-17,16:59,BFBIO,BFBIO,High,0,0,50,144849.0,Abnormal volume spike (3x avg),Review immediately
2026-02-17,16:59,BFMOD,BFMOD,High,0,0,50,8825.0,Abnormal volume spike (3x avg),Review immediately
2026-02-17,16:59,BGL,BGL,High,0,0,50,659873.0,Abnormal volume spike (3x avg),Review immediately
2026-02-17,16:59,BHAT,BHAT,High,0,0,50,8.0,Abnormal volume spike (3x avg),Review immediately
2026-02-17,16:59,BIFO,BIFO,High,0,0,50,70580.0,Abnormal volume spike (3x avg),Review immediately
2026-02-17,16:59,BIPL,BIPL,High,0,0,50,481731.0,Abnormal volume spike (3x avg),Review immediately
2026-02-17,16:59,BLUEX,BLUEX,High,0,0,50,50497.0,Abnormal volume spike (3x avg),Review immediately
2026-02-17,16:59,BML,BML,High,0,0,50,4486775.0,Abnormal volume spike (3x avg),Review immediately
2026-02-17,16:59,BNL,BNL,High,0,0,50,1848322.0,Abnormal volume spike (3x avg),Review immediately
2026-02-17,16:59,BNWM,BNWM,High,0,0,50,1037.0,Abnormal volume spike (3x avg),Review immediately
2026-02-17,16:59,BOK,BOK,High,0,0,50,30324.0,Abnormal volume spike (3x avg),Review immediately
2026-02-17,16:59,BOP,BOP,High,0,0,50,71345519.0,Abnormal volume spike (3x avg),Review immediately
2026-02-17,16:59,BPL,BPL,High,0,0,50,690.0,Abnormal volume spike (3x avg),Review immediately
2026-02-17,16:59,BRRG,BRRG,High,0,0,50,3206.0,Abnormal volume spike (3x avg),Review immediately
2026-02-17,16:59,BTL,BTL,High,0,0,50,1323.0,Abnormal volume spike (3x avg),Review immediately
2026-02-17,16:59,BUXL,BUXL,High,0,0,50,8887.0,Abnormal volume spike (3x avg),Review immediately
2026-02-17,16:59,BWCL,BWCL,High,0,0,50,40841.0,Abnormal volume spike (3x avg),Review immediately
2026-02-17,16:59,BWHL,BWHL,High,0,0,50,58801.0,Abnormal volume spike (3x avg),Review immediately
2026-02-17,16:59,CASH,CASH,High,0,0,50,911.0,Abnormal volume spike (3x avg),Review immediately
2026-02-17,16:59,CCM,CCM,High,0,0,50,222.0,Abnormal volume spike (3x avg),Review immediately
2026-02-17,16:59,CENI,CENI,High,0,0,50,1857.0,Abnormal volume spike (3x avg),Review immediately
2026-02-17,16:59,CEPB,CEPB,High,0,0,50,865549.0,Abnormal volume spike (3x avg),Review immediately
2026-02-17,16:59,CFL,CFL,High,0,0,50,162.0,Abnormal volume spike (3x avg),Review immediately
2026-02-17,16:59,CHAS,CHAS,High,0,0,50,46556.0,Abnormal volume spike (3x avg),Review immediately
2026-02-17,16:59,CHBL,CHBL,High,0,0,50,430974.0,Abnormal volume spike (3x avg),Review immediately
2026-02-17,16:59,CHCC,CHCC,High,0,0,50,13068.0,Abnormal volume spike (3x avg),Review immediately
2026-02-17,16:59,CJPL,CJPL,High,0,0,50,70275.0,Abnormal volume spike (3x avg),Review immediately
2026-02-17,16:59,CLCPS,CLCPS,High,0,0,50,1385594.0,Abnormal volume spike (3x avg),Review immediately
2026-02-17,16:59,CLOV,CLOV,High,0,0,50,670089.0,Abnormal volume spike (3x avg),Review immediately
2026-02-17,16:59,CLVL,CLVL,High,0,0,50,8169.0,Abnormal volume spike (3x avg),Review immediately
2026-02-17,16:59,CNERGY,CNERGY,High,0,0,50,9776790.0,Abnormal volume spike (3x avg),Review immediately
2026-02-17,16:59,COLG,COLG,High,0,0,50,4692.0,Abnormal volume spike (3x avg),Review immediately
2026-02-17,16:59,CPHL,CPHL,High,0,0,50,1099930.0,Abnormal volume spike (3x avg),Review immediately
2026-02-17,16:59,CPPL,CPPL,High,0,0,50,43405.0,Abnormal volume spike (3x avg),Review immediately
2026-02-17,16:59,CRTM,CRTM,High,0,0,50,74632.0,Abnormal volume spike (3x avg),Review immediately
2026-02-17,16:59,CSAP,CSAP,High,0,0,50,460375.0,Abnormal volume spike (3x avg),Review immediately
2026-02-17,16:59,CSIL,CSIL,High,0,0,50,2874155.0,Abnormal volume spike (3x avg),Review immediately
2026-02-17,16:59,CSILR3,CSILR3,High,0,0,50,4463960.0,Abnormal volume spike (3x avg),Review immediately
2026-02-17,16:59,CTM,CTM,High,0,0,50,146154.0,Abnormal volume spike (3x avg),Review immediately
2026-02-17,16:59,CYAN,CYAN,High,0,0,50,18163.0,Abnormal volume spike (3x avg),Review immediately
2026-02-17,16:59,DAAG,DAAG,High,0,0,50,602.0,Abnormal volume spike (3x avg),Review immediately
2026-02-17,16:59,DADX,DADX,High,0,0,50,2433.0,Abnormal volume spike (3x avg),Review immediately
2026-02-17,16:59,DBCI,DBCI,High,0,0,50,181552.0,Abnormal volume spike (3x avg),Review immediately
2026-02-17,16:59,DCL,DCL,High,0,0,50,2040161.0,Abnormal volume spike (3x avg),Review immediately
2026-02-17,16:59,DCR,DCR,High,0,0,50,487565.0,Abnormal volume spike (3x avg),Review immediately
2026-02-17,16:59,DEL,DEL,High,0,0,50,31013.0,Abnormal volume spike (3x avg),Review immediately
2026-02-17,16:59,DFML,DFML,High,0,0,50,673123.0,Abnormal volume spike (3x avg),Review immediately
2026-02-17,16:59,DFSM,DFSM,High,0,0,50,585170.0,Abnormal volume spike (3x avg),Review immediately
2026-02-17,16:59,DGKC,DGKC,High,0,0,50,1566966.0,Abnormal volume spike (3x avg),Review immediately
2026-02-17,16:59,DHPL,DHPL,High,0,0,50,305416.0,Abnormal volume spike (3x avg),Review immediately
2026-02-17,16:59,DIIL,DIIL,High,0,0,50,1205.0,Abnormal volume spike (3x avg),Review immediately
2026-02-17,16:59,DINT,DINT,High,0,0,50,140.0,Abnormal volume spike (3x avg),Review immediately
2026-02-17,16:59,DKTM,DKTM,High,0,0,50,2000.0,Abnormal volume spike (3x avg),Review immediately
2026-02-17,16:59,DLL,DLL,High,0,0,50,1901.0,Abnormal volume spike (3x avg),Review immediately
2026-02-17,16:59,DMC,DMC,High,0,0,50,288.0,Abnormal volume spike (3x avg),Review immediately
2026-02-17,16:59,DMTM,DMTM,High,0,0,50,4459.0,Abnormal volume spike (3x avg),Review immediately
2026-02-17,16:59,DNCC,DNCC,High,0,0,50,81778.0,Abnormal volume spike (3x avg),Review immediately
2026-02-17,16:59,DOL,DOL,High,0,0,50,141066.0,Abnormal volume spike (3x avg),Review immediately
2026-02-17,16:59,DSFL,DSFL,High,0,0,50,4434000.0,Abnormal volume spike (3x avg),Review immediately
2026-02-17,16:59,DSIL,DSIL,High,0,0,50,244319.0,Abnormal volume spike (3x avg),Review immediately
2026-02-17,16:59,DSL,DSL,High,0,0,50,344169.0,Abnormal volume spike (3x avg),Review immediately
2026-02-17,16:59,DWAE,DWAE,High,0,0,50,4691.0,Abnormal volume spike (3x avg),Review immediately
2026-02-17,16:59,DWSM,DWSM,High,0,0,50,36107.0,Abnormal volume spike (3x avg),Review immediately
2026-02-17,16:59,DWTM,DWTM,High,0,0,50,7201.0,Abnormal volume spike (3x avg),Review immediately
2026-02-17,16:59,DYNO,DYNO,High,0,0,50,3019.0,Abnormal volume spike (3x avg),Review immediately
2026-02-17,16:59,ECOP,ECOP,High,0,0,50,80086.0,Abnormal volume spike (3x avg),Review immediately
2026-02-17,16:59,EFERT,EFERT,High,0,0,50,1351145.0,Abnormal volume spike (3x avg),Review immediately
2026-02-17,16:59,EFUG,EFUG,High,0,0,50,10562.0,Abnormal volume spike (3x avg),Review immediately
2026-02-17,16:59,EFUL,EFUL,High,0,0,50,17815.0,Abnormal volume spike (3x avg),Review immediately
2026-02-17,16:59,ELCM,ELCM,High,0,0,50,78.0,Abnormal volume spike (3x avg),Review immediately
2026-02-17,16:59,ELSM,ELSM,High,0,0,50,100.0,Abnormal volume spike (3x avg),Review immediately
2026-02-17,16:59,EMCO,EMCO,High,0,0,50,13304.0,Abnormal volume spike (3x avg),Review immediately
2026-02-17,16:59,ENGROH,ENGROH,High,0,0,50,3514475.0,Abnormal volume spike (3x avg),Review immediately
2026-02-17,16:59,EPCL,EPCL,High,0,0,50,560544.0,Abnormal volume spike (3x avg),Review immediately
2026-02-17,16:59,EPCLPS,EPCLPS,High,0,0,50,11.0,Abnormal volume spike (3x avg),Review immediately
2026-02-17,16:59,EPQL,EPQL,High,0,0,50,187591.0,Abnormal volume spike (3x avg),Review immediately
2026-02-17,16:59,ESBL,ESBL,High,0,0,50,1343953.0,Abnormal volume spike (3x avg),Review immediately
2026-02-17,16:59,EWIC,EWIC,High,0,0,50,22.0,Abnormal volume spike (3x avg),Review immediately
2026-02-17,16:59,EXIDE,EXIDE,High,0,0,50,4524.0,Abnormal volume spike (3x avg),Review immediately
2026-02-17,16:59,FABL,FABL,High,0,0,50,422421.0,Abnormal volume spike (3x avg),Review immediately
2026-02-17,16:59,FANM,FANM,High,0,0,50,16033.0,Abnormal volume spike (3x avg),Review immediately
2026-02-17,16:59,FASM,FASM,High,0,0,50,1795.0,Abnormal volume spike (3x avg),Review immediately
2026-02-17,16:59,FATIMA,FATIMA,High,0,0,50,7657206.0,Abnormal volume spike (3x avg),Review immediately
2026-02-17,16:59,FCCL,FCCL,High,0,0,50,3746858.0,Abnormal volume spike (3x avg),Review immediately
2026-02-17,16:59,FCEL,FCEL,High,0,0,50,363404.0,Abnormal volume spike (3x avg),Review immediately
2026-02-17,16:59,FCEPL,FCEPL,High,0,0,50,220578.0,Abnormal volume spike (3x avg),Review immediately
2026-02-17,16:59,FCIBL,FCIBL,High,0,0,50,1984.0,Abnormal volume spike (3x avg),Review immediately
2026-02-17,16:59,FCL,FCL,High,0,0,50,3530176.0,Abnormal volume spike (3x avg),Review immediately
2026-02-17,16:59,FCSC,FCSC,High,0,0,50,1161587.0,Abnormal volume spike (3x avg),Review immediately
2026-02-17,16:59,FDPL,FDPL,High,0,0,50,659748.0,Abnormal volume spike (3x avg),Review immediately
2026-02-17,16:59,FECM,FECM,High,0,0,50,31547.0,Abnormal volume spike (3x avg),Review immediately
2026-02-17,16:59,FECTC,FECTC,High,0,0,50,79353.0,Abnormal volume spike (3x avg),Review immediately
2026-02-17,16:59,FEM,FEM,High,0,0,50,13270.0,Abnormal volume spike (3x avg),Review immediately
2026-02-17,16:59,FEROZ,FEROZ,High,0,0,50,12910.0,Abnormal volume spike (3x avg),Review immediately
2026-02-17,16:59,FFC,FFC,High,0,0,50,3757781.0,Abnormal volume spike (3x avg),Review immediately
2026-02-17,16:59,FFL,FFL,High,0,0,50,3702887.0,Abnormal volume spike (3x avg),Review immediately
2026-02-17,16:59,FFLM,FFLM,High,0,0,50,66767.0,Abnormal volume spike (3x avg),Review immediately
2026-02-17,16:59,FHAM,FHAM,High,0,0,50,7172.0,Abnormal volume spike (3x avg),Review immediately
2026-02-17,16:59,FIBLM,FIBLM,High,0,0,50,1801274.0,Abnormal volume spike (3x avg),Review immediately
2026-02-17,16:59,FIL,FIL,High,0,0,50,122.0,Abnormal volume spike (3x avg),Review immediately
2026-02-17,16:59,FIMM,FIMM,High,0,0,50,10.0,Abnormal volume spike (3x avg),Review immediately
2026-02-17,16:59,FLYNG,FLYNG,High,0,0,50,300798.0,Abnormal volume spike (3x avg),Review immediately
2026-02-17,16:59,FML,FML,High,0,0,50,97513.0,Abnormal volume spike (3x avg),Review immediately
2026-02-17,16:59,FNBM,FNBM,High,0,0,50,384000.0,Abnormal volume spike (3x avg),Review immediately
2026-02-17,16:59,FNEL,FNEL,High,0,0,50,191182675.0,Abnormal volume spike (3x avg),Review immediately
2026-02-17,16:59,FPJM,FPJM,High,0,0,50,69996.0,Abnormal volume spike (3x avg),Review immediately
2026-02-17,16:59,FPRM,FPRM,High,0,0,50,36906.0,Abnormal volume spike (3x avg),Review immediately
2026-02-17,16:59,FRCL,FRCL,High,0,0,50,250.0,Abnormal volume spike (3x avg),Review immediately
2026-02-17,16:59,FRSM,FRSM,High,0,0,50,122.0,Abnormal volume spike (3x avg),Review immediately
2026-02-17,16:59,FSWL,FSWL,High,0,0,50,20.0,Abnormal volume spike (3x avg),Review immediately
2026-02-17,16:59,FTMM,FTMM,High,0,0,50,264.0,Abnormal volume spike (3x avg),Review immediately
2026-02-17,16:59,FTSM,FTSM,High,0,0,50,88771.0,Abnormal volume spike (3x avg),Review immediately
2026-02-17,16:59,FZCM,FZCM,High,0,0,50,10694.0,Abnormal volume spike (3x avg),Review immediately
2026-02-17,16:59,GADT,GADT,High,0,0,50,20469.0,Abnormal volume spike (3x avg),Review immediately
2026-02-17,16:59,GAL,GAL,High,0,0,50,94667.0,Abnormal volume spike (3x avg),Review immediately
2026-02-17,16:59,GAMON,GAMON,High,0,0,50,33103.0,Abnormal volume spike (3x avg),Review immediately
2026-02-17,16:59,GATI,GATI,High,0,0,50,21417.0,Abnormal volume spike (3x avg),Review immediately
2026-02-17,16:59,GATM,GATM,High,0,0,50,374070.0,Abnormal volume spike (3x avg),Review immediately
2026-02-17,16:59,GCIL,GCIL,High,0,0,50,2966838.0,Abnormal volume spike (3x avg),Review immediately
2026-02-17,16:59,GCWL,GCWL,High,0,0,50,8707440.0,Abnormal volume spike (3x avg),Review immediately
2026-02-17,16:59,GEMBCEM,GEMBCEM,High,0,0,50,200.0,Abnormal volume spike (3x avg),Review immediately
2026-02-17,16:59,GEMMEL,GEMMEL,High,0,0,50,2805.0,Abnormal volume spike (3x avg),Review immediately
2026-02-17,16:59,GEMPACRA,GEMPACRA,High,0,0,50,3342.0,Abnormal volume spike (3x avg),Review immediately
2026-02-17,16:59,GEMPAPL,GEMPAPL,High,0,0,50,500.0,Abnormal volume spike (3x avg),Review immediately
2026-02-17,16:59,GEMSPNL,GEMSPNL,High,0,0,50,96900.0,Abnormal volume spike (3x avg),Review immediately
2026-02-17,16:59,GFIL,GFIL,High,0,0,50,9412.0,Abnormal volume spike (3x avg),Review immediately
2026-02-17,16:59,GGGL,GGGL,High,0,0,50,453147.0,Abnormal volume spike (3x avg),Review immediately
2026-02-17,16:59,GGL,GGL,High,0,0,50,800035.0,Abnormal volume spike (3x avg),Review immediately
2026-02-17,16:59,GHGL,GHGL,High,0,0,50,832780.0,Abnormal volume spike (3x avg),Review immediately
2026-02-17,16:59,GHNI,GHNI,High,0,0,50,404614.0,Abnormal volume spike (3x avg),Review immediately
2026-02-17,16:59,GLAXO,GLAXO,High,0,0,50,237798.0,Abnormal volume spike (3x avg),Review immediately
2026-02-17,16:59,GLPL,GLPL,High,0,0,50,32611.0,Abnormal volume spike (3x avg),Review immediately
2026-02-17,16:59,GOC,GOC,High,0,0,50,201.0,Abnormal volume spike (3x avg),Review immediately
2026-02-17,16:59,GRR,GRR,High,0,0,50,224170.0,Abnormal volume spike (3x avg),Review immediately
2026-02-17,16:59,GRYL,GRYL,High,0,0,50,27496.0,Abnormal volume spike (3x avg),Review immediately
2026-02-17,16:59,GSPM,GSPM,High,0,0,50,2924.0,Abnormal volume spike (3x avg),Review immediately
2026-02-17,16:59,GTYR,GTYR,High,0,0,50,193732.0,Abnormal volume spike (3x avg),Review immediately
2026-02-17,16:59,GUSM,GUSM,High,0,0,50,1151.0,Abnormal volume spike (3x avg),Review immediately
2026-02-17,16:59,GVGL,GVGL,High,0,0,50,8258.0,Abnormal volume spike (3x avg),Review immediately
2026-02-17,16:59,GWLC,GWLC,High,0,0,50,408037.0,Abnormal volume spike (3x avg),Review immediately
2026-02-17,16:59,HABSM,HABSM,High,0,0,50,71232.0,Abnormal volume spike (3x avg),Review immediately
2026-02-17,16:59,HADC,HADC,High,0,0,50,499500.0,Abnormal volume spike (3x avg),Review immediately
2026-02-17,16:59,HAEL,HAEL,High,0,0,50,690.0,Abnormal volume spike (3x avg),Review immediately
2026-02-17,16:59,HAFL,HAFL,High,0,0,50,11.0,Abnormal volume spike (3x avg),Review immediately
2026-02-17,16:59,HALEON,HALEON,High,0,0,50,32892.0,Abnormal volume spike (3x avg),Review immediately
2026-02-17,16:59,HASCOL,HASCOL,High,0,0,50,18507824.0,Abnormal volume spike (3x avg),Review immediately
2026-02-17,16:59,HBL,HBL,High,0,0,50,1155699.0,Abnormal volume spike (3x avg),Review immediately
2026-02-17,16:59,HBLTETF,HBLTETF,High,0,0,50,47300.0,Abnormal volume spike (3x avg),Review immediately
2026-02-17,16:59,HCAR,HCAR,High,0,0,50,758023.0,Abnormal volume spike (3x avg),Review immediately
2026-02-17,16:59,HGFA,HGFA,High,0,0,50,7260.0,Abnormal volume spike (3x avg),Review immediately
2026-02-17,16:59,HICL,HICL,High,0,0,50,54545.0,Abnormal volume spike (3x avg),Review immediately
2026-02-17,16:59,HIFA,HIFA,High,0,0,50,141189.0,Abnormal volume spike (3x avg),Review immediately
2026-02-17,16:59,HINO,HINO,High,0,0,50,3282.0,Abnormal volume spike (3x avg),Review immediately
2026-02-17,16:59,HINOON,HINOON,High,0,0,50,69095.0,Abnormal volume spike (3x avg),Review immediately
2026-02-17,16:59,HIRAT,HIRAT,High,0,0,50,111207.0,Abnormal volume spike (3x avg),Review immediately
2026-02-17,16:59,HMB,HMB,High,0,0,50,655812.0,Abnormal volume spike (3x avg),Review immediately
2026-02-17,16:59,HMIM,HMIM,High,0,0,50,3000.0,Abnormal volume spike (3x avg),Review immediately
2026-02-17,16:59,HPL,HPL,High,0,0,50,338.0,Abnormal volume spike (3x avg),Review immediately
2026-02-17,16:59,HRPL,HRPL,High,0,0,50,260.0,Abnormal volume spike (3x avg),Review immediately
2026-02-17,16:59,HSPI,HSPI,High,0,0,50,99532.0,Abnormal volume spike (3x avg),Review immediately
2026-02-17,16:59,HTL,HTL,High,0,0,50,67260.0,Abnormal volume spike (3x avg),Review immediately
2026-02-17,16:59,HUBC,HUBC,High,0,0,50,6335910.0,Abnormal volume spike (3x avg),Review immediately
2026-02-17,16:59,HUMNL,HUMNL,High,0,0,50,2731694.0,Abnormal volume spike (3x avg),Review immediately
2026-02-17,16:59,HUSI,HUSI,High,0,0,50,201.0,Abnormal volume spike (3x avg),Review immediately
2026-02-17,16:59,HWQS,HWQS,High,0,0,50,100322.0,Abnormal volume spike (3x avg),Review immediately
2026-02-17,16:59,IBFL,IBFL,High,0,0,50,603.0,Abnormal volume spike (3x avg),Review immediately
2026-02-17,16:59,IBLHL,IBLHL,High,0,0,50,200690.0,Abnormal volume spike (3x avg),Review immediately
2026-02-17,16:59,ICCI,ICCI,High,0,0,50,3584.0,Abnormal volume spike (3x avg),Review immediately
2026-02-17,16:59,ICIBL,ICIBL,High,0,0,50,327781.0,Abnormal volume spike (3x avg),Review immediately
2026-02-17,16:59,ICL,ICL,High,0,0,50,155589.0,Abnormal volume spike (3x avg),Review immediately
2026-02-17,16:59,IDRT,IDRT,High,0,0,50,20161.0,Abnormal volume spike (3x avg),Review immediately
2026-02-17,16:59,IDSM,IDSM,High,0,0,50,16554.0,Abnormal volume spike (3x avg),Review immediately
2026-02-17,16:59,IDYM,IDYM,High,0,0,50,53283.0,Abnormal volume spike (3x avg),Review immediately
2026-02-17,16:59,IGIHL,IGIHL,High,0,0,50,33368.0,Abnormal volume spike (3x avg),Review immediately
2026-02-17,16:59,IGIL,IGIL,High,0,0,50,1510.0,Abnormal volume spike (3x avg),Review immediately
2026-02-17,16:59,ILP,ILP,High,0,0,50,1388552.0,Abnormal volume spike (3x avg),Review immediately
2026-02-17,16:59,IMAGE,IMAGE,High,0,0,50,948544.0,Abnormal volume spike (3x avg),Review immediately
2026-02-17,16:59,IML,IML,High,0,0,50,4491.0,Abnormal volume spike (3x avg),Review immediately
2026-02-17,16:59,IMS,IMS,High,0,0,50,513438.0,Abnormal volume spike (3x avg),Review immediately
2026-02-17,16:59,INDU,INDU,High,0,0,50,23081.0,Abnormal volume spike (3x avg),Review immediately
2026-02-17,16:59,INIL,INIL,High,0,0,50,51024.0,Abnormal volume spike (3x avg),Review immediately
2026-02-17,16:59,INKL,INKL,High,0,0,50,678.0,Abnormal volume spike (3x avg),Review immediately
2026-02-17,16:59,IPAK,IPAK,High,0,0,50,567624.0,Abnormal volume spike (3x avg),Review immediately
2026-02-17,16:59,IREIT,IREIT,High,0,0,50,331597.0,Abnormal volume spike (3x avg),Review immediately
2026-02-17,16:59,ISIL,ISIL,High,0,0,50,28.0,Abnormal volume spike (3x avg),Review immediately
2026-02-17,16:59,ISL,ISL,High,0,0,50,260497.0,Abnormal volume spike (3x avg),Review immediately
2026-02-17,16:59,ITTEFAQ,ITTEFAQ,High,0,0,50,222243.0,Abnormal volume spike (3x avg),Review immediately
2026-02-17,16:59,JATM,JATM,High,0,0,50,561.0,Abnormal volume spike (3x avg),Review immediately
2026-02-17,16:59,JDMT,JDMT,High,0,0,50,17505.0,Abnormal volume spike (3x avg),Review immediately
2026-02-17,16:59,JDWS,JDWS,High,0,0,50,4596.0,Abnormal volume spike (3x avg),Review immediately
2026-02-17,16:59,JGICL,JGICL,High,0,0,50,36341.0,Abnormal volume spike (3x avg),Review immediately
2026-02-17,16:59,JKSM,JKSM,High,0,0,50,259.0,Abnormal volume spike (3x avg),Review immediately
2026-02-17,16:59,JLICL,JLICL,High,0,0,50,57781.0,Abnormal volume spike (3x avg),Review immediately
2026-02-17,16:59,JSBL,JSBL,High,0,0,50,76234.0,Abnormal volume spike (3x avg),Review immediately
2026-02-17,16:59,JSCL,JSCL,High,0,0,50,1283176.0,Abnormal volume spike (3x avg),Review immediately
2026-02-17,16:59,JSCLPSA,JSCLPSA,High,0,0,50,10000.0,Abnormal volume spike (3x avg),Review immediately
2026-02-17,16:59,JSGBETF,JSGBETF,High,0,0,50,40000.0,Abnormal volume spike (3x avg),Review immediately
2026-02-17,16:59,JSGCL,JSGCL,High,0,0,50,23.0,Abnormal volume spike (3x avg),Review immediately
2026-02-17,16:59,JSIL,JSIL,High,0,0,50,5204.0,Abnormal volume spike (3x avg),Review immediately
2026-02-17,16:59,JSMFETF,JSMFETF,High,0,0,50,121500.0,Abnormal volume spike (3x avg),Review immediately
2026-02-17,16:59,JSML,JSML,High,0,0,50,25163.0,Abnormal volume spike (3x avg),Review immediately
2026-02-17,16:59,JUBS,JUBS,High,0,0,50,6222.0,Abnormal volume spike (3x avg),Review immediately
2026-02-17,16:59,JVDC,JVDC,High,0,0,50,2128118.0,Abnormal volume spike (3x avg),Review immediately
2026-02-17,16:59,JVDCPS,JVDCPS,High,0,0,50,204.0,Abnormal volume spike (3x avg),Review immediately
2026-02-17,16:59,KAPCO,KAPCO,High,0,0,50,845346.0,Abnormal volume spike (3x avg),Review immediately
2026-02-17,16:59,KCL,KCL,High,0,0,50,101.0,Abnormal volume spike (3x avg),Review immediately
2026-02-17,16:59,KEL,KEL,High,0,0,50,86288764.0,Abnormal volume spike (3x avg),Review immediately
2026-02-17,16:59,KHTC,KHTC,High,0,0,50,752.0,Abnormal volume spike (3x avg),Review immediately
2026-02-17,16:59,KHYT,KHYT,High,0,0,50,43.0,Abnormal volume spike (3x avg),Review immediately
2026-02-17,16:59,KML,KML,High,0,0,50,57342.0,Abnormal volume spike (3x avg),Review immediately
2026-02-17,16:59,KOHC,KOHC,High,0,0,50,188182.0,Abnormal volume spike (3x avg),Review immediately
2026-02-17,16:59,KOHE,KOHE,High,0,0,50,34967.0,Abnormal volume spike (3x avg),Review immediately
2026-02-17,16:59,KOHP,KOHP,High,0,0,50,1802201.0,Abnormal volume spike (3x avg),Review immediately
2026-02-17,16:59,KOHTM,KOHTM,High,0,0,50,9960.0,Abnormal volume spike (3x avg),Review immediately
2026-02-17,16:59,KOIL,KOIL,High,0,0,50,956521.0,Abnormal volume spike (3x avg),Review immediately
2026-02-17,16:59,KOSM,KOSM,High,0,0,50,5636900.0,Abnormal volume spike (3x avg),Review immediately
2026-02-17,16:59,KPUS,KPUS,High,0,0,50,1957.0,Abnormal volume spike (3x avg),Review immediately
2026-02-17,16:59,KSBP,KSBP,High,0,0,50,20481.0,Abnormal volume spike (3x avg),Review immediately
2026-02-17,16:59,KSTM,KSTM,High,0,0,50,10443.0,Abnormal volume spike (3x avg),Review immediately
2026-02-17,16:59,KTML,KTML,High,0,0,50,175173.0,Abnormal volume spike (3x avg),Review immediately
2026-02-17,16:59,LCI,LCI,High,0,0,50,416067.0,Abnormal volume spike (3x avg),Review immediately
2026-02-17,16:59,LEUL,LEUL,High,0,0,50,3688.0,Abnormal volume spike (3x avg),Review immediately
2026-02-17,16:59,LIVEN,LIVEN,High,0,0,50,62926.0,Abnormal volume spike (3x avg),Review immediately
2026-02-17,16:59,LOADS,LOADS,High,0,0,50,572299.0,Abnormal volume spike (3x avg),Review immediately
2026-02-17,16:59,LOTCHEM,LOTCHEM,High,0,0,50,2037377.0,Abnormal volume spike (3x avg),Review immediately
2026-02-17,16:59,LPGL,LPGL,High,0,0,50,1010.0,Abnormal volume spike (3x avg),Review immediately
2026-02-17,16:59,LPL,LPL,High,0,0,50,92324.0,Abnormal volume spike (3x avg),Review immediately
2026-02-17,16:59,LSECL,LSECL,High,0,0,50,4830113.0,Abnormal volume spike (3x avg),Review immediately
2026-02-17,16:59,LSEFSL,LSEFSL,High,0,0,50,258.0,Abnormal volume spike (3x avg),Review immediately
2026-02-17,16:59,LSEVL,LSEVL,High,0,0,50,7743136.0,Abnormal volume spike (3x avg),Review immediately
2026-02-17,16:59,LSEVLR,LSEVLR,High,0,0,50,4361652.0,Abnormal volume spike (3x avg),Review immediately
2026-02-17,16:59,LUCK,LUCK,High,0,0,50,1207123.0,Abnormal volume spike (3x avg),Review immediately
2026-02-17,16:59,MACFL,MACFL,High,0,0,50,2530136.0,Abnormal volume spike (3x avg),Review immediately
2026-02-17,16:59,MACTER,MACTER,High,0,0,50,28159.0,Abnormal volume spike (3x avg),Review immediately
2026-02-17,16:59,MARI,MARI,High,0,0,50,406090.0,Abnormal volume spike (3x avg),Review immediately
2026-02-17,16:59,MCB,MCB,High,0,0,50,714244.0,Abnormal volume spike (3x avg),Review immediately
2026-02-17,16:59,MCBIM,MCBIM,High,0,0,50,822.0,Abnormal volume spike (3x avg),Review immediately
2026-02-17,16:59,MDTL,MDTL,High,0,0,50,1830941.0,Abnormal volume spike (3x avg),Review immediately
2026-02-17,16:59,MEBL,MEBL,High,0,0,50,1434569.0,Abnormal volume spike (3x avg),Review immediately
2026-02-17,16:59,MEHT,MEHT,High,0,0,50,234.0,Abnormal volume spike (3x avg),Review immediately
2026-02-17,16:59,MERIT,MERIT,High,0,0,50,90137.0,Abnormal volume spike (3x avg),Review immediately
2026-02-17,16:59,MFFL,MFFL,High,0,0,50,3593.0,Abnormal volume spike (3x avg),Review immediately
2026-02-17,16:59,MFL,MFL,High,0,0,50,295202.0,Abnormal volume spike (3x avg),Review immediately
2026-02-17,16:59,MFTM,MFTM,High,0,0,50,22000.0,Abnormal volume spike (3x avg),Review immediately
2026-02-17,16:59,MIIETF,MIIETF,High,0,0,50,1110000.0,Abnormal volume spike (3x avg),Review immediately
2026-02-17,16:59,MIRKS,MIRKS,High,0,0,50,26038.0,Abnormal volume spike (3x avg),Review immediately
2026-02-17,16:59,MLCF,MLCF,High,0,0,50,2869270.0,Abnormal volume spike (3x avg),Review immediately
2026-02-17,16:59,MQTM,MQTM,High,0,0,50,170.0,Abnormal volume spike (3x avg),Review immediately
2026-02-17,16:59,MRNS,MRNS,High,0,0,50,18809.0,Abnormal volume spike (3x avg),Review immediately
2026-02-17,16:59,MSCL,MSCL,High,0,0,50,180887.0,Abnormal volume spike (3x avg),Review immediately
2026-02-17,16:59,MSOT,MSOT,High,0,0,50,11086.0,Abnormal volume spike (3x avg),Review immediately
2026-02-17,16:59,MTL,MTL,High,0,0,50,235635.0,Abnormal volume spike (3x avg),Review immediately
2026-02-17,16:59,MUBT,MUBT,High,0,0,50,35000.0,Abnormal volume spike (3x avg),Review immediately
2026-02-17,16:59,MUGHAL,MUGHAL,High,0,0,50,1569482.0,Abnormal volume spike (3x avg),Review immediately
2026-02-17,16:59,MUGHALC,MUGHALC,High,0,0,50,2003.0,Abnormal volume spike (3x avg),Review immediately
2026-02-17,16:59,MUREB,MUREB,High,0,0,50,4414.0,Abnormal volume spike (3x avg),Review immediately
2026-02-17,16:59,MWMP,MWMP,High,0,0,50,120252.0,Abnormal volume spike (3x avg),Review immediately
2026-02-17,16:59,MZNPETF,MZNPETF,High,0,0,50,682000.0,Abnormal volume spike (3x avg),Review immediately
2026-02-17,16:59,NAGC,NAGC,High,0,0,50,1050.0,Abnormal volume spike (3x avg),Review immediately
2026-02-17,16:59,NATF,NATF,High,0,0,50,70133.0,Abnormal volume spike (3x avg),Review immediately
2026-02-17,16:59,NATM,NATM,High,0,0,50,500.0,Abnormal volume spike (3x avg),Review immediately
2026-02-17,16:59,NBP,NBP,High,0,0,50,7972506.0,Abnormal volume spike (3x avg),Review immediately
2026-02-17,16:59,NBPGETF,NBPGETF,High,0,0,50,41500.0,Abnormal volume spike (3x avg),Review immediately
2026-02-17,16:59,NCL,NCL,High,0,0,50,1905993.0,Abnormal volume spike (3x avg),Review immediately
2026-02-17,16:59,NCML,NCML,High,0,0,50,27656.0,Abnormal volume spike (3x avg),Review immediately
2026-02-17,16:59,NCPL,NCPL,High,0,0,50,20150337.0,Abnormal volume spike (3x avg),Review immediately
2026-02-17,16:59,NESTLE,NESTLE,High,0,0,50,91.0,Abnormal volume spike (3x avg),Review immediately
2026-02-17,16:59,NETSOL,NETSOL,High,0,0,50,223105.0,Abnormal volume spike (3x avg),Review immediately
2026-02-17,16:59,NEXT,NEXT,High,0,0,50,56237.0,Abnormal volume spike (3x avg),Review immediately
2026-02-17,16:59,NICL,NICL,High,0,0,50,1063.0,Abnormal volume spike (3x avg),Review immediately
2026-02-17,16:59,NITGETF,NITGETF,High,0,0,50,9000.0,Abnormal volume spike (3x avg),Review immediately
2026-02-17,16:59,NML,NML,High,0,0,50,4665417.0,Abnormal volume spike (3x avg),Review immediately
2026-02-17,16:59,NONS,NONS,High,0,0,50,6799.0,Abnormal volume spike (3x avg),Review immediately
2026-02-17,16:59,NPL,NPL,High,0,0,50,14011257.0,Abnormal volume spike (3x avg),Review immediately
2026-02-17,16:59,NRL,NRL,High,0,0,50,2525771.0,Abnormal volume spike (3x avg),Review immediately
2026-02-17,16:59,NRSL,NRSL,High,0,0,50,11715.0,Abnormal volume spike (3x avg),Review immediately
2026-02-17,16:59,OBOY,OBOY,High,0,0,50,656999.0,Abnormal volume spike (3x avg),Review immediately
2026-02-17,16:59,OCTOPUS,OCTOPUS,High,0,0,50,186203.0,Abnormal volume spike (3x avg),Review immediately
2026-02-17,16:59,OGDC,OGDC,High,0,0,50,3747041.0,Abnormal volume spike (3x avg),Review immediately
2026-02-17,16:59,OLPL,OLPL,High,0,0,50,513.0,Abnormal volume spike (3x avg),Review immediately
2026-02-17,16:59,OLPM,OLPM,High,0,0,50,14173.0,Abnormal volume spike (3x avg),Review immediately
2026-02-17,16:59,OML,OML,High,0,0,50,50.0,Abnormal volume spike (3x avg),Review immediately
2026-02-17,16:59,ORM,ORM,High,0,0,50,60532.0,Abnormal volume spike (3x avg),Review immediately
2026-02-17,16:59,OTSU,OTSU,High,0,0,50,14898.0,Abnormal volume spike (3x avg),Review immediately
2026-02-17,16:59,PABC,PABC,High,0,0,50,180170.0,Abnormal volume spike (3x avg),Review immediately
2026-02-17,16:59,PACE,PACE,High,0,0,50,3633931.0,Abnormal volume spike (3x avg),Review immediately
2026-02-17,16:59,PAEL,PAEL,High,0,0,50,3931344.0,Abnormal volume spike (3x avg),Review immediately
2026-02-17,16:59,PAKD,PAKD,High,0,0,50,5309.0,Abnormal volume spike (3x avg),Review immediately
2026-02-17,16:59,PAKL,PAKL,High,0,0,50,7197.0,Abnormal volume spike (3x avg),Review immediately
2026-02-17,16:59,PAKOXY,PAKOXY,High,0,0,50,17028.0,Abnormal volume spike (3x avg),Review immediately
2026-02-17,16:59,PAKQATAR,PAKQATAR,High,0,0,50,529504.0,Abnormal volume spike (3x avg),Review immediately
2026-02-17,16:59,PAKRI,PAKRI,High,0,0,50,1260310.0,Abnormal volume spike (3x avg),Review immediately
2026-02-17,16:59,PAKT,PAKT,High,0,0,50,385.0,Abnormal volume spike (3x avg),Review immediately
2026-02-17,16:59,PASL,PASL,High,0,0,50,6170997.0,Abnormal volume spike (3x avg),Review immediately
2026-02-17,16:59,PASM,PASM,High,0,0,50,17203.0,Abnormal volume spike (3x avg),Review immediately
2026-02-17,16:59,PCAL,PCAL,High,0,0,50,91899.0,Abnormal volume spike (3x avg),Review immediately
2026-02-17,16:59,PECO,PECO,High,0,0,50,426.0,Abnormal volume spike (3x avg),Review immediately
2026-02-17,16:59,PGLC,PGLC,High,0,0,50,1409.0,Abnormal volume spike (3x avg),Review immediately
2026-02-17,16:59,PHDL,PHDL,High,0,0,50,592568.0,Abnormal volume spike (3x avg),Review immediately
2026-02-17,16:59,PIAHCLA,PIAHCLA,High,0,0,50,20455867.0,Abnormal volume spike (3x avg),Review immediately
2026-02-17,16:59,PIAHCLB,PIAHCLB,High,0,0,50,73.0,Abnormal volume spike (3x avg),Review immediately
2026-02-17,16:59,PIBTL,PIBTL,High,0,0,50,11391055.0,Abnormal volume spike (3x avg),Review immediately
2026-02-17,16:59,PICT,PICT,High,0,0,50,46380.0,Abnormal volume spike (3x avg),Review immediately
2026-02-17,16:59,PIL,PIL,High,0,0,50,4047.0,Abnormal volume spike (3x avg),Review immediately
2026-02-17,16:59,PINL,PINL,High,0,0,50,1101.0,Abnormal volume spike (3x avg),Review immediately
2026-02-17,16:59,PIOC,PIOC,High,0,0,50,68751.0,Abnormal volume spike (3x avg),Review immediately
2026-02-17,16:59,PKGI,PKGI,High,0,0,50,83329.0,Abnormal volume spike (3x avg),Review immediately
2026-02-17,16:59,PKGP,PKGP,High,0,0,50,9146.0,Abnormal volume spike (3x avg),Review immediately
2026-02-17,16:59,PKGS,PKGS,High,0,0,50,3072.0,Abnormal volume spike (3x avg),Review immediately
2026-02-17,16:59,PMRS,PMRS,High,0,0,50,71.0,Abnormal volume spike (3x avg),Review immediately
2026-02-17,16:59,PNSC,PNSC,High,0,0,50,13575.0,Abnormal volume spike (3x avg),Review immediately
2026-02-17,16:59,POL,POL,High,0,0,50,292906.0,Abnormal volume spike (3x avg),Review immediately
2026-02-17,16:59,POML,POML,High,0,0,50,2913.0,Abnormal volume spike (3x avg),Review immediately
2026-02-17,16:59,POWER,POWER,High,0,0,50,3988365.0,Abnormal volume spike (3x avg),Review immediately
2026-02-17,16:59,POWERPS,POWERPS,High,0,0,50,1643.0,Abnormal volume spike (3x avg),Review immediately
2026-02-17,16:59,PPL,PPL,High,0,0,50,3714749.0,Abnormal volume spike (3x avg),Review immediately
2026-02-17,16:59,PPP,PPP,High,0,0,50,9687.0,Abnormal volume spike (3x avg),Review immediately
2026-02-17,16:59,PPVC,PPVC,High,0,0,50,5247.0,Abnormal volume spike (3x avg),Review immediately
2026-02-17,16:59,PREMA,PREMA,High,0,0,50,325185.0,Abnormal volume spike (3x avg),Review immediately
2026-02-17,16:59,PRET,PRET,High,0,0,50,101.0,Abnormal volume spike (3x avg),Review immediately
2026-02-17,16:59,PRL,PRL,High,0,0,50,10031498.0,Abnormal volume spike (3x avg),Review immediately
2026-02-17,16:59,PRWM,PRWM,High,0,0,50,469.0,Abnormal volume spike (3x avg),Review immediately
2026-02-17,16:59,PSEL,PSEL,High,0,0,50,12717.0,Abnormal volume spike (3x avg),Review immediately
2026-02-17,16:59,PSO,PSO,High,0,0,50,4843608.0,Abnormal volume spike (3x avg),Review immediately
2026-02-17,16:59,PSX,PSX,High,0,0,50,2423654.0,Abnormal volume spike (3x avg),Review immediately
2026-02-17,16:59,PSYL,PSYL,High,0,0,50,100.0,Abnormal volume spike (3x avg),Review immediately
2026-02-17,16:59,PTC,PTC,High,0,0,50,7939752.0,Abnormal volume spike (3x avg),Review immediately
2026-02-17,16:59,PTL,PTL,High,0,0,50,58094.0,Abnormal volume spike (3x avg),Review immediately
2026-02-17,16:59,QTECH,QTECH,High,0,0,50,156985.0,Abnormal volume spike (3x avg),Review immediately
2026-02-17,16:59,QUET,QUET,High,0,0,50,33941.0,Abnormal volume spike (3x avg),Review immediately
2026-02-17,16:59,QUICE,QUICE,High,0,0,50,1763108.0,Abnormal volume spike (3x avg),Review immediately
2026-02-17,16:59,RCML,RCML,High,0,0,50,14.0,Abnormal volume spike (3x avg),Review immediately
2026-02-17,16:59,REDCO,REDCO,High,0,0,50,12470.0,Abnormal volume spike (3x avg),Review immediately
2026-02-17,16:59,REWM,REWM,High,0,0,50,2019.0,Abnormal volume spike (3x avg),Review immediately
2026-02-17,16:59,RICL,RICL,High,0,0,50,39716.0,Abnormal volume spike (3x avg),Review immediately
2026-02-17,16:59,RMPL,RMPL,High,0,0,50,92.0,Abnormal volume spike (3x avg),Review immediately
2026-02-17,16:59,RPL,RPL,High,0,0,50,90499.0,Abnormal volume spike (3x avg),Review immediately
2026-02-17,16:59,RUBY,RUBY,High,0,0,50,5.0,Abnormal volume spike (3x avg),Review immediately
2026-02-17,16:59,SAIF,SAIF,High,0,0,50,90904.0,Abnormal volume spike (3x avg),Review immediately
2026-02-17,16:59,SANE,SANE,High,0,0,50,18747.0,Abnormal volume spike (3x avg),Review immediately
2026-02-17,16:59,SANSM,SANSM,High,0,0,50,819.0,Abnormal volume spike (3x avg),Review immediately
2026-02-17,16:59,SAPT,SAPT,High,0,0,50,217.0,Abnormal volume spike (3x avg),Review immediately
2026-02-17,16:59,SARC,SARC,High,0,0,50,254.0,Abnormal volume spike (3x avg),Review immediately
2026-02-17,16:59,SAZEW,SAZEW,High,0,0,50,767356.0,Abnormal volume spike (3x avg),Review immediately
2026-02-17,16:59,SBL,SBL,High,0,0,50,1045907.0,Abnormal volume spike (3x avg),Review immediately
2026-02-17,16:59,SCBPL,SCBPL,High,0,0,50,18862.0,Abnormal volume spike (3x avg),Review immediately
2026-02-17,16:59,SCL,SCL,High,0,0,50,500.0,Abnormal volume spike (3x avg),Review immediately
2026-02-17,16:59,SEARL,SEARL,High,0,0,50,2391790.0,Abnormal volume spike (3x avg),Review immediately
2026-02-17,16:59,SEL,SEL,High,0,0,50,17852.0,Abnormal volume spike (3x avg),Review immediately
2026-02-17,16:59,SEPL,SEPL,High,0,0,50,43405.0,Abnormal volume spike (3x avg),Review immediately
2026-02-17,16:59,SERT,SERT,High,0,0,50,12501.0,Abnormal volume spike (3x avg),Review immediately
2026-02-17,16:59,SFAT,SFAT,High,0,0,50,2500.0,Abnormal volume spike (3x avg),Review immediately
2026-02-17,16:59,SFL,SFL,High,0,0,50,48.0,Abnormal volume spike (3x avg),Review immediately
2026-02-17,16:59,SGF,SGF,High,0,0,50,415176.0,Abnormal volume spike (3x avg),Review immediately
2026-02-17,16:59,SGPL,SGPL,High,0,0,50,393273.0,Abnormal volume spike (3x avg),Review immediately
2026-02-17,16:59,SHCI,SHCI,High,0,0,50,8000.0,Abnormal volume spike (3x avg),Review immediately
2026-02-17,16:59,SHCM,SHCM,High,0,0,50,709.0,Abnormal volume spike (3x avg),Review immediately
2026-02-17,16:59,SHDT,SHDT,High,0,0,50,21651.0,Abnormal volume spike (3x avg),Review immediately
2026-02-17,16:59,SHEZ,SHEZ,High,0,0,50,6787.0,Abnormal volume spike (3x avg),Review immediately
2026-02-17,16:59,SHFA,SHFA,High,0,0,50,8839.0,Abnormal volume spike (3x avg),Review immediately
2026-02-17,16:59,SHJS,SHJS,High,0,0,50,9805.0,Abnormal volume spike (3x avg),Review immediately
2026-02-17,16:59,SHNI,SHNI,High,0,0,50,6502.0,Abnormal volume spike (3x avg),Review immediately
2026-02-17,16:59,SHSML,SHSML,High,0,0,50,420.0,Abnormal volume spike (3x avg),Review immediately
2026-02-17,16:59,SIBL,SIBL,High,0,0,50,890.0,Abnormal volume spike (3x avg),Review immediately
2026-02-17,16:59,SIEM,SIEM,High,0,0,50,3235.0,Abnormal volume spike (3x avg),Review immediately
2026-02-17,16:59,SINDM,SINDM,High,0,0,50,18896.0,Abnormal volume spike (3x avg),Review immediately
2026-02-17,16:59,SITC,SITC,High,0,0,50,1369.0,Abnormal volume spike (3x avg),Review immediately
2026-02-17,16:59,SKRS,SKRS,High,0,0,50,56034.0,Abnormal volume spike (3x avg),Review immediately
2026-02-17,16:59,SLCL,SLCL,High,0,0,50,37500.0,Abnormal volume spike (3x avg),Review immediately
2026-02-17,16:59,SLGL,SLGL,High,0,0,50,470375.0,Abnormal volume spike (3x avg),Review immediately
2026-02-17,16:59,SLL,SLL,High,0,0,50,232928.0,Abnormal volume spike (3x avg),Review immediately
2026-02-17,16:59,SMCPL,SMCPL,High,0,0,50,2627.0,Abnormal volume spike (3x avg),Review immediately
2026-02-17,16:59,SML,SML,High,0,0,50,14572.0,Abnormal volume spike (3x avg),Review immediately
2026-02-17,16:59,SNAI,SNAI,High,0,0,50,44.0,Abnormal volume spike (3x avg),Review immediately
2026-02-17,16:59,SNBL,SNBL,High,0,0,50,1285385.0,Abnormal volume spike (3x avg),Review immediately
2026-02-17,16:59,SNGP,SNGP,High,0,0,50,693513.0,Abnormal volume spike (3x avg),Review immediately
2026-02-17,16:59,SPCL,SPCL,High,0,0,50,143500.0,Abnormal volume spike (3x avg),Review immediately
2026-02-17,16:59,SPEL,SPEL,High,0,0,50,143795.0,Abnormal volume spike (3x avg),Review immediately
2026-02-17,16:59,SPL,SPL,High,0,0,50,12737.0,Abnormal volume spike (3x avg),Review immediately
2026-02-17,16:59,SPWL,SPWL,High,0,0,50,448404.0,Abnormal volume spike (3x avg),Review immediately
2026-02-17,16:59,SRVI,SRVI,High,0,0,50,3024.0,Abnormal volume spike (3x avg),Review immediately
2026-02-17,16:59,SSGC,SSGC,High,0,0,50,4537136.0,Abnormal volume spike (3x avg),Review immediately
2026-02-17,16:59,SSML,SSML,High,0,0,50,1237.0,Abnormal volume spike (3x avg),Review immediately
2026-02-17,16:59,SSOM,SSOM,High,0,0,50,9083.0,Abnormal volume spike (3x avg),Review immediately
2026-02-17,16:59,STCL,STCL,High,0,0,50,44096.0,Abnormal volume spike (3x avg),Review immediately
2026-02-17,16:59,STJT,STJT,High,0,0,50,5710.0,Abnormal volume spike (3x avg),Review immediately
2026-02-17,16:59,STL,STL,High,0,0,50,6.0,Abnormal volume spike (3x avg),Review immediately
2026-02-17,16:59,STML,STML,High,0,0,50,7306.0,Abnormal volume spike (3x avg),Review immediately
2026-02-17,16:59,STPL,STPL,High,0,0,50,414617.0,Abnormal volume spike (3x avg),Review immediately
2026-02-17,16:59,STYLERS,STYLERS,High,0,0,50,1369.0,Abnormal volume spike (3x avg),Review immediately
2026-02-17,16:59,SURC,SURC,High,0,0,50,146.0,Abnormal volume spike (3x avg),Review immediately
2026-02-17,16:59,SUTM,SUTM,High,0,0,50,2229.0,Abnormal volume spike (3x avg),Review immediately
2026-02-17,16:59,SYM,SYM,High,0,0,50,1980497.0,Abnormal volume spike (3x avg),Review immediately
2026-02-17,16:59,SYS,SYS,High,0,0,50,2065277.0,Abnormal volume spike (3x avg),Review immediately
2026-02-17,16:59,SZTM,SZTM,High,0,0,50,65.0,Abnormal volume spike (3x avg),Review immediately
2026-02-17,16:59,TATM,TATM,High,0,0,50,86497.0,Abnormal volume spike (3x avg),Review immediately
2026-02-17,16:59,TBL,TBL,High,0,0,50,2157425.0,Abnormal volume spike (3x avg),Review immediately
2026-02-17,16:59,TCORP,TCORP,High,0,0,50,172744.0,Abnormal volume spike (3x avg),Review immediately
2026-02-17,16:59,TCORPCPS,TCORPCPS,High,0,0,50,37409.0,Abnormal volume spike (3x avg),Review immediately
2026-02-17,16:59,TELE,TELE,High,0,0,50,2190620.0,Abnormal volume spike (3x avg),Review immediately
2026-02-17,16:59,TGL,TGL,High,0,0,50,186105.0,Abnormal volume spike (3x avg),Review immediately
2026-02-17,16:59,THALL,THALL,High,0,0,50,24829.0,Abnormal volume spike (3x avg),Review immediately
2026-02-17,16:59,THCCL,THCCL,High,0,0,50,3562084.0,Abnormal volume spike (3x avg),Review immediately
2026-02-17,16:59,TICL,TICL,High,0,0,50,45.0,Abnormal volume spike (3x avg),Review immediately
2026-02-17,16:59,TOMCL,TOMCL,High,0,0,50,2256444.0,Abnormal volume spike (3x avg),Review immediately
2026-02-17,16:59,TOWL,TOWL,High,0,0,50,100449.0,Abnormal volume spike (3x avg),Review immediately
2026-02-17,16:59,TPL,TPL,High,0,0,50,534530.0,Abnormal volume spike (3x avg),Review immediately
2026-02-17,16:59,TPLI,TPLI,High,0,0,50,102715.0,Abnormal volume spike (3x avg),Review immediately
2026-02-17,16:59,TPLL,TPLL,High,0,0,50,1165.0,Abnormal volume spike (3x avg),Review immediately
2026-02-17,16:59,TPLP,TPLP,High,0,0,50,3259990.0,Abnormal volume spike (3x avg),Review immediately
2026-02-17,16:59,TPLRF1,TPLRF1,High,0,0,50,16993.0,Abnormal volume spike (3x avg),Review immediately
2026-02-17,16:59,TPLT,TPLT,High,0,0,50,817525.0,Abnormal volume spike (3x avg),Review immediately
2026-02-17,16:59,TREET,TREET,High,0,0,50,4324480.0,Abnormal volume spike (3x avg),Review immediately
2026-02-17,16:59,TRG,TRG,High,0,0,50,10649722.0,Abnormal volume spike (3x avg),Review immediately
2026-02-17,16:59,TRIBL,TRIBL,High,0,0,50,3000.0,Abnormal volume spike (3x avg),Review immediately
2026-02-17,16:59,TRIPF,TRIPF,High,0,0,50,351579.0,Abnormal volume spike (3x avg),Review immediately
2026-02-17,16:59,TRSM,TRSM,High,0,0,50,1135660.0,Abnormal volume spike (3x avg),Review immediately
2026-02-17,16:59,TSBL,TSBL,High,0,0,50,2296206.0,Abnormal volume spike (3x avg),Review immediately
2026-02-17,16:59,TSMF,TSMF,High,0,0,50,1855.0,Abnormal volume spike (3x avg),Review immediately
2026-02-17,16:59,TSML,TSML,High,0,0,50,256.0,Abnormal volume spike (3x avg),Review immediately
2026-02-17,16:59,TSPL,TSPL,High,0,0,50,2130.0,Abnormal volume spike (3x avg),Review immediately
2026-02-17,16:59,UBDL,UBDL,High,0,0,50,1230.0,Abnormal volume spike (3x avg),Review immediately
2026-02-17,16:59,UBL,UBL,High,0,0,50,1505133.0,Abnormal volume spike (3x avg),Review immediately
2026-02-17,16:59,UBLPETF,UBLPETF,High,0,0,50,193500.0,Abnormal volume spike (3x avg),Review immediately
2026-02-17,16:59,UCAPM,UCAPM,High,0,0,50,73531.0,Abnormal volume spike (3x avg),Review immediately
2026-02-17,16:59,UDLI,UDLI,High,0,0,50,21698.0,Abnormal volume spike (3x avg),Review immediately
2026-02-17,16:59,UDPL,UDPL,High,0,0,50,61928.0,Abnormal volume spike (3x avg),Review immediately
2026-02-17,16:59,UNIC,UNIC,High,0,0,50,11594.0,Abnormal volume spike (3x avg),Review immediately
2026-02-17,16:59,UNITY,UNITY,High,0,0,50,4030670.0,Abnormal volume spike (3x avg),Review immediately
2026-02-17,16:59,UPFL,UPFL,High,0,0,50,289.0,Abnormal volume spike (3x avg),Review immediately
2026-02-17,16:59,UVIC,UVIC,High,0,0,50,2646.0,Abnormal volume spike (3x avg),Review immediately
2026-02-17,16:59,WAFI,WAFI,High,0,0,50,38712.0,Abnormal volume spike (3x avg),Review immediately
2026-02-17,16:59,WAHN,WAHN,High,0,0,50,848.0,Abnormal volume spike (3x avg),Review immediately
2026-02-17,16:59,WASL,WASL,High,0,0,50,298481.0,Abnormal volume spike (3x avg),Review immediately
2026-02-17,16:59,WAVES,WAVES,High,0,0,50,3076464.0,Abnormal volume spike (3x avg),Review immediately
2026-02-17,16:59,WAVESAPP,WAVESAPP,High,0,0,50,2606324.0,Abnormal volume spike (3x avg),Review immediately
2026-02-17,16:59,WTL,WTL,High,0,0,50,14300717.0,Abnormal volume spike (3x avg),Review immediately
2026-02-17,16:59,YOUW,YOUW,High,0,0,50,1332423.0,Abnormal volume spike (3x avg),Review immediately
2026-02-17,16:59,ZAHID,ZAHID,High,0,0,50,3069.0,Abnormal volume spike (3x avg),Review immediately
2026-02-17,16:59,ZAL,ZAL,High,0,0,50,2713304.0,Abnormal volume spike (3x avg),Review immediately
2026-02-17,16:59,ZIL,ZIL,High,0,0,50,50.0,Abnormal volume spike (3x avg),Review immediately
2026-02-17,16:59,ZTL,ZTL,High,0,0,50,1020.0,Abnormal volume spike (3x avg),Review immediately
2026-02-17,16:59,ZUMA,ZUMA,High,0,0,50,584051.0,Abnormal volume spike (3x avg),Review immediately
2026-02-17,16:59,SRR,SRR,High,0,0,50,442788.0,Abnormal volume spike (3x avg),Review immediately
2026-02-17,16:59,PSMC,PSMC,High,0,0,50,292769.0,Abnormal volume spike (3x avg),Review immediately
2026-02-17,16:59,BYCO,BYCO,High,0,0,50,13936500.0,Abnormal volume spike (3x avg),Review immediately
2026-02-17,16:59,SHEL,SHEL,High,0,0,50,37395.0,Abnormal volume spike (3x avg),Review immediately
2026-02-17,16:59,ENGRO,ENGRO,High,0,0,50,4496408.0,Abnormal volume spike (3x avg),Review immediately
2026-02-17,16:59,RUPL,RUPL,Low,0,0,50,3.0,High volume (2x avg),Watch
